country_asylum,year,value,name_asylum
AE,1985,5370.0,United Arab Emirates
AE,1993,389.0,United Arab Emirates
AE,1994,448.0,United Arab Emirates
AE,1995,375.0,United Arab Emirates
AE,1996,427.0,United Arab Emirates
AE,1997,451.0,United Arab Emirates
AE,1998,465.0,United Arab Emirates
AE,1999,457.0,United Arab Emirates
AE,2000,800.0,United Arab Emirates
AE,2001,827.0,United Arab Emirates
AE,2002,353.0,United Arab Emirates
AE,2003,396.0,United Arab Emirates
AE,2004,145.0,United Arab Emirates
AE,2005,165.0,United Arab Emirates
AE,2006,170.0,United Arab Emirates
AE,2007,208.0,United Arab Emirates
AE,2008,242.0,United Arab Emirates
AE,2009,899.0,United Arab Emirates
AE,2010,582.0,United Arab Emirates
AE,2011,1972.0,United Arab Emirates
AE,2012,2207.0,United Arab Emirates
AE,2013,1506.0,United Arab Emirates
AE,2014,1059.0,United Arab Emirates
AE,2015,1213.0,United Arab Emirates
AE,2016,1438.0,United Arab Emirates
AF,1992,60000.0,Afghanistan
AF,1993,47108.0,Afghanistan
AF,1994,369652.0,Afghanistan
AF,1995,180540.0,Afghanistan
AF,1996,293995.0,Afghanistan
AF,1997,311055.0,Afghanistan
AF,1998,326994.0,Afghanistan
AF,1999,258688.0,Afghanistan
AF,2000,758653.0,Afghanistan
AF,2001,1200003.0,Afghanistan
AF,2002,1418507.0,Afghanistan
AF,2003,266368.0,Afghanistan
AF,2004,186945.0,Afghanistan
AF,2005,159560.0,Afghanistan
AF,2006,139754.0,Afghanistan
AF,2007,161736.0,Afghanistan
AF,2008,237136.0,Afghanistan
AF,2009,304365.0,Afghanistan
AF,2010,1199936.0,Afghanistan
AF,2011,1480618.0,Afghanistan
AF,2012,1400693.0,Afghanistan
AF,2013,945476.0,Afghanistan
AF,2014,1307119.0,Afghanistan
AF,2015,1705863.0,Afghanistan
AF,2016,1971618.0,Afghanistan
AG,2007,4.0,Antigua and Barbuda
AG,2013,1.0,Antigua and Barbuda
AG,2015,15.0,Antigua and Barbuda
AI,2015,1.0,Anguilla
AL,1995,602.0,Albania
AL,1996,602.0,Albania
AL,1997,6.0,Albania
AL,1998,6.0,Albania
AL,1999,12.0,Albania
AL,2000,17.0,Albania
AL,2001,45.0,Albania
AL,2002,31.0,Albania
AL,2003,21.0,Albania
AL,2004,23.0,Albania
AL,2005,22.0,Albania
AL,2006,24.0,Albania
AL,2007,30.0,Albania
AL,2008,18.0,Albania
AL,2009,20.0,Albania
AL,2010,25.0,Albania
AL,2011,32.0,Albania
AL,2012,7479.0,Albania
AL,2013,7491.0,Albania
AL,2014,48.0,Albania
AL,2015,35.0,Albania
AL,2016,34.0,Albania
AM,1992,300000.0,Armenia
AM,1993,411000.0,Armenia
AM,1994,406035.0,Armenia
AM,1995,315500.0,Armenia
AM,1996,272000.0,Armenia
AM,1997,272000.0,Armenia
AM,1998,310012.0,Armenia
AM,1999,296216.0,Armenia
AM,2000,280591.0,Armenia
AM,2001,264335.0,Armenia
AM,2002,247549.0,Armenia
AM,2003,239320.0,Armenia
AM,2004,235297.0,Armenia
AM,2005,219614.0,Armenia
AM,2006,113786.0,Armenia
AM,2007,4654.0,Armenia
AM,2008,4108.0,Armenia
AM,2009,85850.0,Armenia
AM,2010,85815.0,Armenia
AM,2011,85857.0,Armenia
AM,2012,8732.0,Armenia
AM,2013,13942.0,Armenia
AM,2014,17656.0,Armenia
AM,2015,19323.0,Armenia
AM,2016,17884.0,Armenia
AO,1985,78300.0,Angola
AO,1986,79000.0,Angola
AO,1987,79000.0,Angola
AO,1988,78200.0,Angola
AO,1989,3245.0,Angola
AO,1990,2345.0,Angola
AO,1991,2353.0,Angola
AO,1992,224.0,Angola
AO,1993,88238.0,Angola
AO,1994,303991.0,Angola
AO,1995,37.0,Angola
AO,1996,39.0,Angola
AO,1997,43.0,Angola
AO,1998,198.0,Angola
AO,1999,193.0,Angola
AO,2000,257788.0,Angola
AO,2001,202305.0,Angola
AO,2002,202341.0,Angola
AO,2003,487.0,Angola
AO,2004,522.0,Angola
AO,2005,547.0,Angola
AO,2006,1211.0,Angola
AO,2007,2757.0,Angola
AO,2008,2937.0,Angola
AO,2009,18360.0,Angola
AO,2010,3898.0,Angola
AO,2011,4010.0,Angola
AO,2012,20929.0,Angola
AO,2013,20286.0,Angola
AO,2014,32179.0,Angola
AO,2015,32193.0,Angola
AO,2016,32176.0,Angola
AR,1985,1300.0,Argentina
AR,1986,1690.0,Argentina
AR,1993,574.0,Argentina
AR,1994,1359.0,Argentina
AR,1995,305.0,Argentina
AR,1996,74.0,Argentina
AR,1998,837.0,Argentina
AR,1999,930.0,Argentina
AR,2000,2221.0,Argentina
AR,2001,2484.0,Argentina
AR,2002,2582.0,Argentina
AR,2003,2423.0,Argentina
AR,2004,2464.0,Argentina
AR,2005,2448.0,Argentina
AR,2006,2586.0,Argentina
AR,2007,2886.0,Argentina
AR,2008,2535.0,Argentina
AR,2009,3045.0,Argentina
AR,2010,3265.0,Argentina
AR,2011,3954.0,Argentina
AR,2012,4778.0,Argentina
AR,2013,3650.0,Argentina
AR,2014,3719.0,Argentina
AR,2015,3679.0,Argentina
AR,2016,6671.0,Argentina
AT,1993,5.0,Austria
AT,1994,34.0,Austria
AT,1996,78131.0,Austria
AT,1997,73885.0,Austria
AT,1998,77898.0,Austria
AT,1999,74179.0,Austria
AT,2000,8265.0,Austria
AT,2001,7098.0,Austria
AT,2002,6380.0,Austria
AT,2003,6806.0,Austria
AT,2004,11510.0,Austria
AT,2005,14245.0,Austria
AT,2006,48487.0,Austria
AT,2007,48800.0,Austria
AT,2008,52829.0,Austria
AT,2009,55366.0,Austria
AT,2010,53773.0,Austria
AT,2011,57894.0,Austria
AT,2012,63955.0,Austria
AT,2013,68019.0,Austria
AT,2014,79938.0,Austria
AT,2015,136298.0,Austria
AT,2016,152271.0,Austria
AU,1993,200.0,Australia
AU,1994,73.0,Australia
AU,1995,51.0,Australia
AU,1996,33312.0,Australia
AU,1997,33340.0,Australia
AU,1998,39413.0,Australia
AU,1999,40428.0,Australia
AU,2000,51162.0,Australia
AU,2001,52103.0,Australia
AU,2002,51226.0,Australia
AU,2003,47622.0,Australia
AU,2004,55380.0,Australia
AU,2005,57606.0,Australia
AU,2006,60779.0,Australia
AU,2007,20053.0,Australia
AU,2008,20299.0,Australia
AU,2009,21976.0,Australia
AU,2010,22231.0,Australia
AU,2011,24604.0,Australia
AU,2012,33989.0,Australia
AU,2013,38839.0,Australia
AU,2014,46657.0,Australia
AU,2015,46565.0,Australia
AU,2016,57110.0,Australia
AW,2010,1.0,Aruba
AW,2011,4.0,Aruba
AW,2012,6.0,Aruba
AW,2013,7.0,Aruba
AW,2014,5.0,Aruba
AW,2015,2.0,Aruba
AZ,1992,195000.0,Azerbaijan
AZ,1993,978000.0,Azerbaijan
AZ,1994,893710.0,Azerbaijan
AZ,1995,822100.0,Azerbaijan
AZ,1996,782719.0,Azerbaijan
AZ,1997,784775.0,Azerbaijan
AZ,1998,797946.0,Azerbaijan
AZ,1999,791181.0,Azerbaijan
AZ,2000,627718.0,Azerbaijan
AZ,2001,587135.0,Azerbaijan
AZ,2002,588010.0,Azerbaijan
AZ,2003,584950.0,Azerbaijan
AZ,2004,618517.0,Azerbaijan
AZ,2005,584199.0,Azerbaijan
AZ,2006,691916.0,Azerbaijan
AZ,2007,691489.0,Azerbaijan
AZ,2008,607819.0,Azerbaijan
AZ,2009,590175.0,Azerbaijan
AZ,2010,596759.0,Azerbaijan
AZ,2011,602629.0,Azerbaijan
AZ,2012,605422.0,Azerbaijan
AZ,2013,614198.0,Azerbaijan
AZ,2014,624505.0,Azerbaijan
AZ,2015,619695.0,Azerbaijan
AZ,2016,614638.0,Azerbaijan
BA,1993,1290000.0,Bosnia and Herzegovina
BA,1994,1282600.0,Bosnia and Herzegovina
BA,1995,1097800.0,Bosnia and Herzegovina
BA,1996,760146.0,Bosnia and Herzegovina
BA,1997,914360.0,Bosnia and Herzegovina
BA,1998,896117.0,Bosnia and Herzegovina
BA,1999,893599.0,Bosnia and Herzegovina
BA,2000,604043.0,Bosnia and Herzegovina
BA,2001,543336.0,Bosnia and Herzegovina
BA,2002,463291.0,Bosnia and Herzegovina
BA,2003,389554.0,Bosnia and Herzegovina
BA,2004,347282.0,Bosnia and Herzegovina
BA,2005,196221.0,Bosnia and Herzegovina
BA,2006,148170.0,Bosnia and Herzegovina
BA,2007,143285.0,Bosnia and Herzegovina
BA,2008,193308.0,Bosnia and Herzegovina
BA,2009,182086.0,Bosnia and Herzegovina
BA,2010,178628.0,Bosnia and Herzegovina
BA,2011,177415.0,Bosnia and Herzegovina
BA,2012,177079.0,Bosnia and Herzegovina
BA,2013,163568.0,Bosnia and Herzegovina
BA,2014,143855.0,Bosnia and Herzegovina
BA,2015,157551.0,Bosnia and Herzegovina
BA,2016,156013.0,Bosnia and Herzegovina
BB,2012,1.0,Barbados
BB,2013,1.0,Barbados
BB,2014,1.0,Barbados
BD,1991,220.0,Bangladesh
BD,1992,160.0,Bangladesh
BD,1993,129.0,Bangladesh
BD,1994,142.0,Bangladesh
BD,1995,104.0,Bangladesh
BD,1996,92.0,Bangladesh
BD,1997,84.0,Bangladesh
BD,1998,77.0,Bangladesh
BD,1999,62.0,Bangladesh
BD,2000,47.0,Bangladesh
BD,2001,41.0,Bangladesh
BD,2002,33.0,Bangladesh
BD,2003,31.0,Bangladesh
BD,2004,250021.0,Bangladesh
BD,2005,250021.0,Bangladesh
BD,2006,300022.0,Bangladesh
BD,2007,19.0,Bangladesh
BD,2008,24.0,Bangladesh
BD,2009,23.0,Bangladesh
BD,2010,21.0,Bangladesh
BD,2011,23.0,Bangladesh
BD,2012,20.0,Bangladesh
BD,2013,19.0,Bangladesh
BD,2014,13.0,Bangladesh
BD,2015,9.0,Bangladesh
BE,1994,10.0,Belgium
BE,1995,11.0,Belgium
BE,1996,19798.0,Belgium
BE,1997,19718.0,Belgium
BE,1998,7954.0,Belgium
BE,1999,8821.0,Belgium
BE,2000,9448.0,Belgium
BE,2001,8060.0,Belgium
BE,2002,6358.0,Belgium
BE,2003,9250.0,Belgium
BE,2004,12534.0,Belgium
BE,2005,24978.0,Belgium
BE,2006,21383.0,Belgium
BE,2007,11630.0,Belgium
BE,2008,10840.0,Belgium
BE,2009,11142.0,Belgium
BE,2010,11741.0,Belgium
BE,2011,27324.0,Belgium
BE,2012,29739.0,Belgium
BE,2013,30388.0,Belgium
BE,2014,31609.0,Belgium
BE,2015,41426.0,Belgium
BE,2016,50636.0,Belgium
BF,1986,130.0,Burkina Faso
BF,1987,190.0,Burkina Faso
BF,1988,190.0,Burkina Faso
BF,1989,280.0,Burkina Faso
BF,1990,250.0,Burkina Faso
BF,1991,220.0,Burkina Faso
BF,1992,5590.0,Burkina Faso
BF,1993,6569.0,Burkina Faso
BF,1994,49510.0,Burkina Faso
BF,1995,4401.0,Burkina Faso
BF,1997,18237.0,Burkina Faso
BF,1998,2141.0,Burkina Faso
BF,1999,539.0,Burkina Faso
BF,2000,737.0,Burkina Faso
BF,2001,552.0,Burkina Faso
BF,2002,655.0,Burkina Faso
BF,2003,786.0,Burkina Faso
BF,2004,820.0,Burkina Faso
BF,2005,1023.0,Burkina Faso
BF,2006,965.0,Burkina Faso
BF,2007,836.0,Burkina Faso
BF,2008,854.0,Burkina Faso
BF,2009,797.0,Burkina Faso
BF,2010,802.0,Burkina Faso
BF,2011,940.0,Burkina Faso
BF,2012,39758.0,Burkina Faso
BF,2013,33509.0,Burkina Faso
BF,2014,39772.0,Burkina Faso
BF,2015,35766.0,Burkina Faso
BF,2016,36066.0,Burkina Faso
BG,1993,380.0,Bulgaria
BG,1994,841.0,Bulgaria
BG,1995,919.0,Bulgaria
BG,1996,1201.0,Bulgaria
BG,1997,309.0,Bulgaria
BG,1998,173.0,Bulgaria
BG,1999,339.0,Bulgaria
BG,2000,2330.0,Bulgaria
BG,2001,3936.0,Bulgaria
BG,2002,4190.0,Bulgaria
BG,2003,4215.0,Bulgaria
BG,2004,4606.0,Bulgaria
BG,2005,4586.0,Bulgaria
BG,2006,4723.0,Bulgaria
BG,2007,5178.0,Bulgaria
BG,2008,5506.0,Bulgaria
BG,2009,5797.0,Bulgaria
BG,2010,6165.0,Bulgaria
BG,2011,6274.0,Bulgaria
BG,2012,2107.0,Bulgaria
BG,2013,8025.0,Bulgaria
BG,2014,16672.0,Bulgaria
BG,2015,24837.0,Bulgaria
BG,2016,32253.0,Bulgaria
BH,1985,300.0,Bahrain
BH,1987,2080.0,Bahrain
BH,1989,70.0,Bahrain
BH,1990,80.0,Bahrain
BH,1999,1.0,Bahrain
BH,2000,3.0,Bahrain
BH,2001,1.0,Bahrain
BH,2004,5.0,Bahrain
BH,2005,14.0,Bahrain
BH,2006,17.0,Bahrain
BH,2007,34.0,Bahrain
BH,2008,97.0,Bahrain
BH,2009,151.0,Bahrain
BH,2010,234.0,Bahrain
BH,2011,359.0,Bahrain
BH,2012,339.0,Bahrain
BH,2013,346.0,Bahrain
BH,2014,353.0,Bahrain
BH,2015,371.0,Bahrain
BH,2016,371.0,Bahrain
BI,1985,260220.0,Burundi
BI,1986,246350.0,Burundi
BI,1987,242480.0,Burundi
BI,1988,207888.0,Burundi
BI,1989,207861.0,Burundi
BI,1990,242530.0,Burundi
BI,1991,244270.0,Burundi
BI,1992,246053.0,Burundi
BI,1993,246032.0,Burundi
BI,1994,706305.0,Burundi
BI,1995,409045.0,Burundi
BI,1996,1011103.0,Burundi
BI,1997,591658.0,Burundi
BI,1998,113858.0,Burundi
BI,1999,67356.0,Burundi
BI,2000,58174.0,Burundi
BI,2001,63291.0,Burundi
BI,2002,101260.0,Burundi
BI,2003,3017.0,Burundi
BI,2004,1641.0,Burundi
BI,2005,20543.0,Burundi
BI,2006,14457.0,Burundi
BI,2007,655.0,Burundi
BI,2008,100532.0,Burundi
BI,2009,100452.0,Burundi
BI,2010,159144.0,Burundi
BI,2011,81186.0,Burundi
BI,2012,81471.0,Burundi
BI,2013,81035.0,Burundi
BI,2014,80261.0,Burundi
BI,2015,27685.0,Burundi
BI,2016,143093.0,Burundi
BJ,1985,3600.0,Benin
BJ,1986,3670.0,Benin
BJ,1987,2970.0,Benin
BJ,1988,1101.0,Benin
BJ,1989,1223.0,Benin
BJ,1990,744.0,Benin
BJ,1991,744.0,Benin
BJ,1992,503.0,Benin
BJ,1993,156618.0,Benin
BJ,1994,163090.0,Benin
BJ,1995,70485.0,Benin
BJ,1996,21705.0,Benin
BJ,1997,6370.0,Benin
BJ,1998,2660.0,Benin
BJ,1999,2392.0,Benin
BJ,2000,2448.0,Benin
BJ,2001,2919.0,Benin
BJ,2002,3117.0,Benin
BJ,2003,3680.0,Benin
BJ,2004,3747.0,Benin
BJ,2005,29333.0,Benin
BJ,2006,12860.0,Benin
BJ,2007,9173.0,Benin
BJ,2008,6961.0,Benin
BJ,2009,6796.0,Benin
BJ,2010,6589.0,Benin
BJ,2011,6980.0,Benin
BJ,2012,4876.0,Benin
BJ,2013,529.0,Benin
BJ,2014,489.0,Benin
BJ,2015,709.0,Benin
BJ,2016,999.0,Benin
BO,1985,170.0,Bolivia (Plurinational State of)
BO,1986,120.0,Bolivia (Plurinational State of)
BO,1993,429.0,Bolivia (Plurinational State of)
BO,1994,495.0,Bolivia (Plurinational State of)
BO,1995,680.0,Bolivia (Plurinational State of)
BO,1996,704.0,Bolivia (Plurinational State of)
BO,1997,331.0,Bolivia (Plurinational State of)
BO,1998,354.0,Bolivia (Plurinational State of)
BO,1999,352.0,Bolivia (Plurinational State of)
BO,2000,353.0,Bolivia (Plurinational State of)
BO,2001,357.0,Bolivia (Plurinational State of)
BO,2002,370.0,Bolivia (Plurinational State of)
BO,2003,525.0,Bolivia (Plurinational State of)
BO,2004,543.0,Bolivia (Plurinational State of)
BO,2005,537.0,Bolivia (Plurinational State of)
BO,2006,582.0,Bolivia (Plurinational State of)
BO,2007,792.0,Bolivia (Plurinational State of)
BO,2008,753.0,Bolivia (Plurinational State of)
BO,2009,711.0,Bolivia (Plurinational State of)
BO,2010,737.0,Bolivia (Plurinational State of)
BO,2011,732.0,Bolivia (Plurinational State of)
BO,2012,739.0,Bolivia (Plurinational State of)
BO,2013,752.0,Bolivia (Plurinational State of)
BO,2014,777.0,Bolivia (Plurinational State of)
BO,2015,773.0,Bolivia (Plurinational State of)
BO,2016,761.0,Bolivia (Plurinational State of)
BR,1986,70.0,Brazil
BR,1993,1448.0,Brazil
BR,1994,1642.0,Brazil
BR,1995,1751.0,Brazil
BR,1996,1699.0,Brazil
BR,1997,1907.0,Brazil
BR,1998,2004.0,Brazil
BR,1999,2074.0,Brazil
BR,2000,2951.0,Brazil
BR,2001,3210.0,Brazil
BR,2002,3403.0,Brazil
BR,2003,3450.0,Brazil
BR,2004,3444.0,Brazil
BR,2005,7372.0,Brazil
BR,2006,20458.0,Brazil
BR,2007,20621.0,Brazil
BR,2008,3669.0,Brazil
BR,2009,3847.0,Brazil
BR,2010,4528.0,Brazil
BR,2011,8390.0,Brazil
BR,2012,10832.0,Brazil
BR,2013,20983.0,Brazil
BR,2014,46052.0,Brazil
BR,2015,32873.0,Brazil
BR,2016,64612.0,Brazil
BS,1992,1354.0,Bahamas
BS,1993,422.0,Bahamas
BS,1995,8.0,Bahamas
BS,1996,48.0,Bahamas
BS,1997,60.0,Bahamas
BS,1998,80.0,Bahamas
BS,1999,100.0,Bahamas
BS,2000,102.0,Bahamas
BS,2010,37.0,Bahamas
BS,2011,41.0,Bahamas
BS,2012,51.0,Bahamas
BS,2013,27.0,Bahamas
BS,2014,105.0,Bahamas
BS,2015,104.0,Bahamas
BS,2016,21.0,Bahamas
BW,1985,4930.0,Botswana
BW,1986,5110.0,Botswana
BW,1987,4900.0,Botswana
BW,1988,1714.0,Botswana
BW,1989,770.0,Botswana
BW,1990,1079.0,Botswana
BW,1991,1180.0,Botswana
BW,1992,1008.0,Botswana
BW,1993,577.0,Botswana
BW,1995,254.0,Botswana
BW,1996,227.0,Botswana
BW,1997,257.0,Botswana
BW,1998,2106.0,Botswana
BW,1999,2645.0,Botswana
BW,2000,3610.0,Botswana
BW,2001,4229.0,Botswana
BW,2002,4667.0,Botswana
BW,2003,3780.0,Botswana
BW,2004,3808.0,Botswana
BW,2005,3582.0,Botswana
BW,2006,2968.0,Botswana
BW,2007,2300.0,Botswana
BW,2008,3051.0,Botswana
BW,2009,3099.0,Botswana
BW,2010,3135.0,Botswana
BW,2011,3424.0,Botswana
BW,2012,3281.0,Botswana
BW,2013,3222.0,Botswana
BW,2014,2659.0,Botswana
BW,2015,2146.0,Botswana
BW,2016,2215.0,Botswana
BY,1994,1755.0,Belarus
BY,1996,1.0,Belarus
BY,1997,50.0,Belarus
BY,1998,15918.0,Belarus
BY,1999,260.0,Belarus
BY,2000,838.0,Belarus
BY,2001,904.0,Belarus
BY,2002,926.0,Belarus
BY,2003,930.0,Belarus
BY,2004,11269.0,Belarus
BY,2005,10776.0,Belarus
BY,2006,9607.0,Belarus
BY,2007,8689.0,Belarus
BY,2008,8468.0,Belarus
BY,2009,8449.0,Belarus
BY,2010,8369.0,Belarus
BY,2011,8014.0,Belarus
BY,2012,7585.0,Belarus
BY,2013,7375.0,Belarus
BY,2014,1161.0,Belarus
BY,2015,2072.0,Belarus
BY,2016,1836.0,Belarus
BZ,1985,9000.0,Belize
BZ,1986,9000.0,Belize
BZ,1987,10000.0,Belize
BZ,1988,10000.0,Belize
BZ,1989,4850.0,Belize
BZ,1990,5427.0,Belize
BZ,1991,11369.0,Belize
BZ,1992,12678.0,Belize
BZ,1993,8975.0,Belize
BZ,1994,8848.0,Belize
BZ,1995,8708.0,Belize
BZ,1996,8549.0,Belize
BZ,1997,8349.0,Belize
BZ,1998,3482.0,Belize
BZ,1999,2873.0,Belize
BZ,2000,9811.0,Belize
BZ,2001,1153.0,Belize
BZ,2002,1062.0,Belize
BZ,2003,869.0,Belize
BZ,2004,763.0,Belize
BZ,2005,638.0,Belize
BZ,2006,489.0,Belize
BZ,2007,358.0,Belize
BZ,2008,284.0,Belize
BZ,2009,251.0,Belize
BZ,2010,166.0,Belize
BZ,2011,133.0,Belize
BZ,2012,104.0,Belize
BZ,2013,84.0,Belize
BZ,2014,124.0,Belize
BZ,2015,812.0,Belize
BZ,2016,2427.0,Belize
CA,1993,74.0,Canada
CA,1994,154125.0,Canada
CA,1995,127743.0,Canada
CA,1996,107282.0,Canada
CA,1997,97253.0,Canada
CA,1998,95880.0,Canada
CA,1999,93878.0,Canada
CA,2000,122017.0,Canada
CA,2001,149356.0,Canada
CA,2002,157690.0,Canada
CA,2003,150641.0,Canada
CA,2004,145041.0,Canada
CA,2005,149062.0,Canada
CA,2006,158555.0,Canada
CA,2007,194383.0,Canada
CA,2008,209921.0,Canada
CA,2009,214193.0,Canada
CA,2010,201562.0,Canada
CA,2011,193249.0,Canada
CA,2012,183175.0,Canada
CA,2013,170070.0,Canada
CA,2014,145435.0,Canada
CA,2015,137010.0,Canada
CA,2016,113850.0,Canada
CF,1985,73200.0,Central African Rep.
CF,1986,28120.0,Central African Rep.
CF,1987,11210.0,Central African Rep.
CF,1988,4214.0,Central African Rep.
CF,1989,3103.0,Central African Rep.
CF,1990,5549.0,Central African Rep.
CF,1991,13054.0,Central African Rep.
CF,1992,19945.0,Central African Rep.
CF,1993,44483.0,Central African Rep.
CF,1994,47888.0,Central African Rep.
CF,1995,44045.0,Central African Rep.
CF,1996,37750.0,Central African Rep.
CF,1997,39606.0,Central African Rep.
CF,1998,43014.0,Central African Rep.
CF,1999,40515.0,Central African Rep.
CF,2000,40831.0,Central African Rep.
CF,2001,40243.0,Central African Rep.
CF,2002,41620.0,Central African Rep.
CF,2003,39502.0,Central African Rep.
CF,2004,22732.0,Central African Rep.
CF,2005,23542.0,Central African Rep.
CF,2006,169563.0,Central African Rep.
CF,2007,215224.0,Central African Rep.
CF,2008,203415.0,Central African Rep.
CF,2009,203550.0,Central African Rep.
CF,2010,199199.0,Central African Rep.
CF,2011,176204.0,Central African Rep.
CF,2012,91701.0,Central African Rep.
CF,2013,899016.0,Central African Rep.
CF,2014,1052135.0,Central African Rep.
CF,2015,477217.0,Central African Rep.
CF,2016,414297.0,Central African Rep.
CH,1993,14900.0,Switzerland
CH,1994,13389.0,Switzerland
CH,1995,10752.0,Switzerland
CH,1996,13104.0,Switzerland
CH,1997,38920.0,Switzerland
CH,1998,20778.0,Switzerland
CH,1999,34044.0,Switzerland
CH,2000,52957.0,Switzerland
CH,2001,50148.0,Switzerland
CH,2002,48522.0,Switzerland
CH,2003,41906.0,Switzerland
CH,2004,36989.0,Switzerland
CH,2005,36044.0,Switzerland
CH,2006,37907.0,Switzerland
CH,2007,37962.0,Switzerland
CH,2008,46019.0,Switzerland
CH,2009,49074.0,Switzerland
CH,2010,48785.0,Switzerland
CH,2011,54337.0,Switzerland
CH,2012,60593.0,Switzerland
CH,2013,63469.0,Switzerland
CH,2014,72977.0,Switzerland
CH,2015,94900.0,Switzerland
CH,2016,102224.0,Switzerland
CI,1985,380.0,Côte d'Ivoire
CI,1986,400.0,Côte d'Ivoire
CI,1987,360.0,Côte d'Ivoire
CI,1988,300.0,Côte d'Ivoire
CI,1989,230.0,Côte d'Ivoire
CI,1990,271991.0,Côte d'Ivoire
CI,1991,230040.0,Côte d'Ivoire
CI,1992,173849.0,Côte d'Ivoire
CI,1993,260637.0,Côte d'Ivoire
CI,1994,362839.0,Côte d'Ivoire
CI,1995,297806.0,Côte d'Ivoire
CI,1996,327712.0,Côte d'Ivoire
CI,1997,208987.0,Côte d'Ivoire
CI,1998,251536.0,Côte d'Ivoire
CI,1999,169559.0,Côte d'Ivoire
CI,2000,149719.0,Côte d'Ivoire
CI,2001,129163.0,Côte d'Ivoire
CI,2002,166372.0,Côte d'Ivoire
CI,2003,134674.0,Côte d'Ivoire
CI,2004,126938.0,Côte d'Ivoire
CI,2005,112908.0,Côte d'Ivoire
CI,2006,752022.0,Côte d'Ivoire
CI,2007,740330.0,Côte d'Ivoire
CI,2008,733824.0,Côte d'Ivoire
CI,2009,710859.0,Côte d'Ivoire
CI,2010,564147.0,Côte d'Ivoire
CI,2011,620101.0,Côte d'Ivoire
CI,2012,863048.0,Côte d'Ivoire
CI,2013,748215.0,Côte d'Ivoire
CI,2014,26212.0,Côte d'Ivoire
CI,2015,310975.0,Côte d'Ivoire
CI,2016,1549.0,Côte d'Ivoire
CL,1985,290.0,Chile
CL,1993,221.0,Chile
CL,1994,199.0,Chile
CL,1995,281.0,Chile
CL,1996,354.0,Chile
CL,1997,265.0,Chile
CL,1998,294.0,Chile
CL,1999,296.0,Chile
CL,2000,399.0,Chile
CL,2001,441.0,Chile
CL,2002,429.0,Chile
CL,2003,487.0,Chile
CL,2004,627.0,Chile
CL,2005,872.0,Chile
CL,2006,1435.0,Chile
CL,2007,1847.0,Chile
CL,2008,2337.0,Chile
CL,2010,1328.0,Chile
CL,2011,1469.0,Chile
CL,2012,1477.0,Chile
CL,2013,1592.0,Chile
CL,2014,1758.0,Chile
CL,2015,2325.0,Chile
CL,2016,4430.0,Chile
CM,1985,35100.0,Cameroon
CM,1986,54530.0,Cameroon
CM,1987,59080.0,Cameroon
CM,1988,53604.0,Cameroon
CM,1989,50984.0,Cameroon
CM,1990,51906.0,Cameroon
CM,1991,50293.0,Cameroon
CM,1992,45179.0,Cameroon
CM,1993,43864.0,Cameroon
CM,1994,43444.0,Cameroon
CM,1995,45698.0,Cameroon
CM,1996,46965.0,Cameroon
CM,1997,46738.0,Cameroon
CM,1998,46412.0,Cameroon
CM,1999,46603.0,Cameroon
CM,2000,46244.0,Cameroon
CM,2001,44709.0,Cameroon
CM,2002,59078.0,Cameroon
CM,2003,59685.0,Cameroon
CM,2004,60529.0,Cameroon
CM,2005,61908.0,Cameroon
CM,2006,37888.0,Cameroon
CM,2007,61243.0,Cameroon
CM,2008,86698.0,Cameroon
CM,2009,101320.0,Cameroon
CM,2010,105682.0,Cameroon
CM,2011,105522.0,Cameroon
CM,2012,103422.0,Cameroon
CM,2013,122550.0,Cameroon
CM,2014,274947.0,Cameroon
CM,2015,470001.0,Cameroon
CM,2016,601223.0,Cameroon
CN,1990,50.0,China
CN,1991,180.0,China
CN,1993,51.0,China
CN,1994,43.0,China
CN,1995,81.0,China
CN,1996,86.0,China
CN,1997,96.0,China
CN,1998,89.0,China
CN,1999,72.0,China
CN,2000,98.0,China
CN,2001,548.0,China
CN,2002,336.0,China
CN,2003,352.0,China
CN,2004,798.0,China
CN,2005,1353.0,China
CN,2006,2658.0,China
CN,2007,2199.0,China
CN,2008,1272.0,China
CN,2009,972.0,China
CN,2010,802.0,China
CN,2011,846.0,China
CN,2012,1306.0,China
CN,2013,2234.0,China
CN,2014,2509.0,China
CN,2015,2728.0,China
CN,2016,844.0,China
CO,1985,170.0,Colombia
CO,1986,50.0,Colombia
CO,1987,250.0,Colombia
CO,1988,270.0,Colombia
CO,1989,270.0,Colombia
CO,1990,170.0,Colombia
CO,1991,160.0,Colombia
CO,1992,150.0,Colombia
CO,1993,261.0,Colombia
CO,1994,285.0,Colombia
CO,1995,180.0,Colombia
CO,1996,175.0,Colombia
CO,1997,201.0,Colombia
CO,1998,204.0,Colombia
CO,1999,211.0,Colombia
CO,2000,525482.0,Colombia
CO,2001,720204.0,Colombia
CO,2002,950187.0,Colombia
CO,2003,1244370.0,Colombia
CO,2004,2000163.0,Colombia
CO,2005,2000188.0,Colombia
CO,2006,3000220.0,Colombia
CO,2007,3000257.0,Colombia
CO,2008,3000247.0,Colombia
CO,2009,3304286.0,Colombia
CO,2010,3672428.0,Colombia
CO,2011,3888644.0,Colombia
CO,2012,3943801.0,Colombia
CO,2013,5368429.0,Colombia
CO,2014,6044520.0,Colombia
CO,2015,6939395.0,Colombia
CO,2016,7411393.0,Colombia
CR,1985,21500.0,Costa Rica
CR,1986,28400.0,Costa Rica
CR,1987,29260.0,Costa Rica
CR,1988,39187.0,Costa Rica
CR,1989,46160.0,Costa Rica
CR,1990,46318.0,Costa Rica
CR,1991,40023.0,Costa Rica
CR,1992,35718.0,Costa Rica
CR,1993,24676.0,Costa Rica
CR,1994,24156.0,Costa Rica
CR,1995,23760.0,Costa Rica
CR,1996,23816.0,Costa Rica
CR,1997,22533.0,Costa Rica
CR,1998,22442.0,Costa Rica
CR,1999,22334.0,Costa Rica
CR,2000,6262.0,Costa Rica
CR,2001,10479.0,Costa Rica
CR,2002,12111.0,Costa Rica
CR,2003,13340.0,Costa Rica
CR,2004,10291.0,Costa Rica
CR,2005,11071.0,Costa Rica
CR,2006,11550.0,Costa Rica
CR,2007,12107.0,Costa Rica
CR,2008,12379.0,Costa Rica
CR,2009,12876.0,Costa Rica
CR,2010,12775.0,Costa Rica
CR,2011,13019.0,Costa Rica
CR,2012,13253.0,Costa Rica
CR,2013,19608.0,Costa Rica
CR,2014,20029.0,Costa Rica
CR,2015,5993.0,Costa Rica
CR,2016,7480.0,Costa Rica
CU,1985,800.0,Cuba
CU,1989,3990.0,Cuba
CU,1992,3635.0,Cuba
CU,1993,2111.0,Cuba
CU,1994,2713.0,Cuba
CU,1995,425.0,Cuba
CU,1996,1693.0,Cuba
CU,1997,1280.0,Cuba
CU,1998,1076.0,Cuba
CU,1999,967.0,Cuba
CU,2000,927.0,Cuba
CU,2001,1029.0,Cuba
CU,2002,987.0,Cuba
CU,2003,824.0,Cuba
CU,2004,786.0,Cuba
CU,2005,728.0,Cuba
CU,2006,688.0,Cuba
CU,2007,623.0,Cuba
CU,2008,533.0,Cuba
CU,2009,457.0,Cuba
CU,2010,417.0,Cuba
CU,2011,382.0,Cuba
CU,2012,373.0,Cuba
CU,2013,382.0,Cuba
CU,2014,281.0,Cuba
CU,2015,296.0,Cuba
CU,2016,290.0,Cuba
CY,1990,145.0,Cyprus
CY,1991,53.0,Cyprus
CY,1993,265072.0,Cyprus
CY,1994,265067.0,Cyprus
CY,1995,265053.0,Cyprus
CY,1996,265069.0,Cyprus
CY,1997,265043.0,Cyprus
CY,1998,265062.0,Cyprus
CY,1999,104.0,Cyprus
CY,2000,162.0,Cyprus
CY,2001,749.0,Cyprus
CY,2002,900.0,Cyprus
CY,2003,4078.0,Cyprus
CY,2004,8937.0,Cyprus
CY,2005,11893.0,Cyprus
CY,2006,11656.0,Cyprus
CY,2007,10225.0,Cyprus
CY,2008,6403.0,Cyprus
CY,2009,4249.0,Cyprus
CY,2010,4146.0,Cyprus
CY,2011,3399.0,Cyprus
CY,2012,3302.0,Cyprus
CY,2013,4066.0,Cyprus
CY,2014,5141.0,Cyprus
CY,2015,12538.0,Cyprus
CY,2016,14432.0,Cyprus
CZ,1993,18.0,Czech Rep.
CZ,1994,267.0,Czech Rep.
CZ,1996,1992.0,Czech Rep.
CZ,1997,1516.0,Czech Rep.
CZ,1998,1351.0,Czech Rep.
CZ,1999,842.0,Czech Rep.
CZ,2000,5421.0,Czech Rep.
CZ,2001,11113.0,Czech Rep.
CZ,2002,7837.0,Czech Rep.
CZ,2003,4696.0,Czech Rep.
CZ,2004,2358.0,Czech Rep.
CZ,2005,2339.0,Czech Rep.
CZ,2006,4148.0,Czech Rep.
CZ,2007,3713.0,Czech Rep.
CZ,2008,3069.0,Czech Rep.
CZ,2009,3078.0,Czech Rep.
CZ,2010,2963.0,Czech Rep.
CZ,2011,2063.0,Czech Rep.
CZ,2012,4297.0,Czech Rep.
CZ,2013,4252.0,Czech Rep.
CZ,2014,2980.0,Czech Rep.
CZ,2015,3641.0,Czech Rep.
CZ,2016,3674.0,Czech Rep.
DE,1994,350000.0,Germany
DE,1995,320073.0,Germany
DE,1996,360000.0,Germany
DE,1997,340930.0,Germany
DE,1998,198051.0,Germany
DE,1999,73500.0,Germany
DE,2000,65766.0,Germany
DE,2001,62589.0,Germany
DE,2002,644771.0,Germany
DE,2003,615490.0,Germany
DE,2004,566366.0,Germany
DE,2005,571472.0,Germany
DE,2006,464425.0,Germany
DE,2007,456105.0,Germany
DE,2008,467798.0,Germany
DE,2009,436975.0,Germany
DE,2010,445141.0,Germany
DE,2011,449209.0,Germany
DE,2012,466658.0,Germany
DE,2013,266150.0,Germany
DE,2014,353324.0,Germany
DE,2015,602955.0,Germany
DE,2016,1118991.0,Germany
DJ,1985,17280.0,Djibouti
DJ,1986,17150.0,Djibouti
DJ,1987,16730.0,Djibouti
DJ,1988,6502.0,Djibouti
DJ,1989,31869.0,Djibouti
DJ,1990,77606.0,Djibouti
DJ,1991,98974.0,Djibouti
DJ,1992,31180.0,Djibouti
DJ,1993,34314.0,Djibouti
DJ,1994,43532.0,Djibouti
DJ,1995,51246.0,Djibouti
DJ,1996,29282.0,Djibouti
DJ,1997,23810.0,Djibouti
DJ,1998,24855.0,Djibouti
DJ,1999,23597.0,Djibouti
DJ,2000,26500.0,Djibouti
DJ,2001,23808.0,Djibouti
DJ,2002,24283.0,Djibouti
DJ,2003,28939.0,Djibouti
DJ,2004,26483.0,Djibouti
DJ,2005,18143.0,Djibouti
DJ,2006,10522.0,Djibouti
DJ,2007,8991.0,Djibouti
DJ,2008,9660.0,Djibouti
DJ,2009,13031.0,Djibouti
DJ,2010,15842.0,Djibouti
DJ,2011,22246.0,Djibouti
DJ,2012,22231.0,Djibouti
DJ,2013,23853.0,Djibouti
DJ,2014,24359.0,Djibouti
DJ,2015,22001.0,Djibouti
DJ,2016,25911.0,Djibouti
DK,1989,8160.0,Denmark
DK,1990,9041.0,Denmark
DK,1991,10217.0,Denmark
DK,1992,12011.0,Denmark
DK,1993,17376.0,Denmark
DK,1994,22502.0,Denmark
DK,1995,42694.0,Denmark
DK,1996,44823.0,Denmark
DK,1997,47584.0,Denmark
DK,1998,49673.0,Denmark
DK,1999,54752.0,Denmark
DK,2000,62044.0,Denmark
DK,2001,61509.0,Denmark
DK,2002,64140.0,Denmark
DK,2003,58339.0,Denmark
DK,2004,52758.0,Denmark
DK,2005,33200.0,Denmark
DK,2006,28864.0,Denmark
DK,2007,22394.0,Denmark
DK,2008,22706.0,Denmark
DK,2009,20651.0,Denmark
DK,2010,19649.0,Denmark
DK,2011,13610.0,Denmark
DK,2012,13584.0,Denmark
DK,2013,15226.0,Denmark
DK,2014,17497.0,Denmark
DK,2015,24770.0,Denmark
DK,2016,31990.0,Denmark
DO,1985,6000.0,Dominican Rep.
DO,1986,6000.0,Dominican Rep.
DO,1987,7070.0,Dominican Rep.
DO,1988,5356.0,Dominican Rep.
DO,1989,3810.0,Dominican Rep.
DO,1990,2085.0,Dominican Rep.
DO,1991,1958.0,Dominican Rep.
DO,1992,2017.0,Dominican Rep.
DO,1993,1324.0,Dominican Rep.
DO,1994,1969.0,Dominican Rep.
DO,1995,1529.0,Dominican Rep.
DO,1996,998.0,Dominican Rep.
DO,1997,638.0,Dominican Rep.
DO,1998,614.0,Dominican Rep.
DO,1999,625.0,Dominican Rep.
DO,2000,534.0,Dominican Rep.
DO,2010,2358.0,Dominican Rep.
DO,2011,2377.0,Dominican Rep.
DO,2012,1525.0,Dominican Rep.
DO,2013,211548.0,Dominican Rep.
DO,2014,1353.0,Dominican Rep.
DO,2015,1371.0,Dominican Rep.
DO,2016,1365.0,Dominican Rep.
DZ,1985,165100.0,Algeria
DZ,1986,165080.0,Algeria
DZ,1987,165000.0,Algeria
DZ,1988,165000.0,Algeria
DZ,1989,239960.0,Algeria
DZ,1990,165000.0,Algeria
DZ,1991,165000.0,Algeria
DZ,1992,215000.0,Algeria
DZ,1993,215000.0,Algeria
DZ,1994,215000.0,Algeria
DZ,1995,214551.0,Algeria
DZ,1996,192446.0,Algeria
DZ,1997,173138.0,Algeria
DZ,1998,189815.0,Algeria
DZ,1999,165146.0,Algeria
DZ,2000,165490.0,Algeria
DZ,2001,165318.0,Algeria
DZ,2002,165233.0,Algeria
DZ,2003,165030.0,Algeria
DZ,2004,165040.0,Algeria
DZ,2005,90173.0,Algeria
DZ,2006,90713.0,Algeria
DZ,2007,91373.0,Algeria
DZ,2008,90757.0,Algeria
DZ,2009,90184.0,Algeria
DZ,2010,90328.0,Algeria
DZ,2011,90825.0,Algeria
DZ,2012,91694.0,Algeria
DZ,2013,92611.0,Algeria
DZ,2014,96906.0,Algeria
DZ,2015,97457.0,Algeria
DZ,2016,96819.0,Algeria
EC,1985,880.0,Ecuador
EC,1986,460.0,Ecuador
EC,1987,590.0,Ecuador
EC,1990,520.0,Ecuador
EC,1991,290.0,Ecuador
EC,1992,150.0,Ecuador
EC,1993,373.0,Ecuador
EC,1994,255.0,Ecuador
EC,1995,140.0,Ecuador
EC,1996,139.0,Ecuador
EC,1997,171.0,Ecuador
EC,1998,201.0,Ecuador
EC,1999,1472.0,Ecuador
EC,2000,1730.0,Ecuador
EC,2001,4280.0,Ecuador
EC,2002,5870.0,Ecuador
EC,2003,8931.0,Ecuador
EC,2004,10094.0,Ecuador
EC,2005,262538.0,Ecuador
EC,2006,267293.0,Ecuador
EC,2007,291848.0,Ecuador
EC,2008,134698.0,Ecuador
EC,2009,166799.0,Ecuador
EC,2010,171005.0,Ecuador
EC,2011,144927.0,Ecuador
EC,2012,138315.0,Ecuador
EC,2013,134715.0,Ecuador
EC,2014,122095.0,Ecuador
EC,2015,121474.0,Ecuador
EC,2016,101207.0,Ecuador
EE,2000,22.0,Estonia
EE,2001,31.0,Estonia
EE,2002,17.0,Estonia
EE,2003,15.0,Estonia
EE,2004,150556.0,Estonia
EE,2005,136012.0,Estonia
EE,2006,119217.0,Estonia
EE,2007,116272.0,Estonia
EE,2008,110344.0,Estonia
EE,2009,104855.0,Estonia
EE,2010,101030.0,Estonia
EE,2011,97806.0,Estonia
EE,2012,94303.0,Estonia
EE,2013,91370.0,Estonia
EE,2014,176.0,Estonia
EE,2015,241.0,Estonia
EE,2016,301.0,Estonia
EG,1985,640.0,Egypt
EG,1986,850.0,Egypt
EG,1987,900.0,Egypt
EG,1988,1248.0,Egypt
EG,1989,1375.0,Egypt
EG,1990,1601.0,Egypt
EG,1991,1955.0,Egypt
EG,1992,5402.0,Egypt
EG,1993,6495.0,Egypt
EG,1994,7040.0,Egypt
EG,1995,5185.0,Egypt
EG,1996,6248.0,Egypt
EG,1997,6112.0,Egypt
EG,1998,6013.0,Egypt
EG,1999,6272.0,Egypt
EG,2000,17711.0,Egypt
EG,2001,22581.0,Egypt
EG,2002,22395.0,Egypt
EG,2003,23820.0,Egypt
EG,2004,28959.0,Egypt
EG,2005,29870.0,Egypt
EG,2006,35161.0,Egypt
EG,2007,43857.0,Egypt
EG,2008,44531.0,Egypt
EG,2009,40290.0,Egypt
EG,2010,39816.0,Egypt
EG,2011,45871.0,Egypt
EG,2012,57556.0,Egypt
EG,2013,182038.0,Egypt
EG,2014,188699.0,Egypt
EG,2015,176463.0,Egypt
EG,2016,187582.0,Egypt
ER,1993,3.0,Eritrea
ER,1994,709.0,Eritrea
ER,1995,1083.0,Eritrea
ER,1996,2107.0,Eritrea
ER,1997,2606.0,Eritrea
ER,1998,2501.0,Eritrea
ER,1999,2972.0,Eritrea
ER,2000,1101999.0,Eritrea
ER,2001,3749.0,Eritrea
ER,2002,3724.0,Eritrea
ER,2003,4089.0,Eritrea
ER,2004,4707.0,Eritrea
ER,2005,6009.0,Eritrea
ER,2006,6680.0,Eritrea
ER,2007,7067.0,Eritrea
ER,2008,4993.0,Eritrea
ER,2009,4885.0,Eritrea
ER,2010,4959.0,Eritrea
ER,2011,4726.0,Eritrea
ER,2012,3654.0,Eritrea
ER,2013,3217.0,Eritrea
ER,2014,2917.0,Eritrea
ER,2015,2579.0,Eritrea
ER,2016,2358.0,Eritrea
ES,1991,945.0,Spain
ES,1992,817.0,Spain
ES,1993,1989.0,Spain
ES,1994,2420.0,Spain
ES,1995,2899.0,Spain
ES,1996,3090.0,Spain
ES,1997,3391.0,Spain
ES,1998,4028.0,Spain
ES,1999,4999.0,Spain
ES,2000,5705.0,Spain
ES,2001,5995.0,Spain
ES,2002,6214.0,Spain
ES,2003,5379.0,Spain
ES,2004,5213.0,Spain
ES,2005,4964.0,Spain
ES,2006,4871.0,Spain
ES,2007,4710.0,Spain
ES,2008,4241.0,Spain
ES,2009,3538.0,Spain
ES,2010,5739.0,Spain
ES,2011,3689.0,Spain
ES,2012,6350.0,Spain
ES,2013,8204.0,Spain
ES,2014,10168.0,Spain
ES,2015,15609.0,Spain
ES,2016,31229.0,Spain
ET,1985,180000.0,Ethiopia
ET,1986,132000.0,Ethiopia
ET,1987,310050.0,Ethiopia
ET,1988,680363.0,Ethiopia
ET,1989,709797.0,Ethiopia
ET,1990,812215.0,Ethiopia
ET,1991,899620.0,Ethiopia
ET,1992,431747.0,Ethiopia
ET,1993,272605.0,Ethiopia
ET,1994,347860.0,Ethiopia
ET,1995,393362.0,Ethiopia
ET,1996,390400.0,Ethiopia
ET,1997,372982.0,Ethiopia
ET,1998,310000.0,Ethiopia
ET,1999,280639.0,Ethiopia
ET,2000,246270.0,Ethiopia
ET,2001,203179.0,Ethiopia
ET,2002,162751.0,Ethiopia
ET,2003,139449.0,Ethiopia
ET,2004,125465.0,Ethiopia
ET,2005,104884.0,Ethiopia
ET,2006,102907.0,Ethiopia
ET,2007,108071.0,Ethiopia
ET,2008,95265.0,Ethiopia
ET,2009,124921.0,Ethiopia
ET,2010,154872.0,Ethiopia
ET,2011,289895.0,Ethiopia
ET,2012,319258.0,Ethiopia
ET,2013,367837.0,Ethiopia
ET,2014,411905.0,Ethiopia
ET,2015,456126.0,Ethiopia
ET,2016,454242.0,Ethiopia
FI,1996,52.0,Finland
FI,1997,15.0,Finland
FI,1998,6269.0,Finland
FI,1999,6663.0,Finland
FI,2000,6410.0,Finland
FI,2001,5711.0,Finland
FI,2002,5018.0,Finland
FI,2003,5279.0,Finland
FI,2004,6225.0,Finland
FI,2005,7677.0,Finland
FI,2006,8323.0,Finland
FI,2007,5159.0,Finland
FI,2008,8819.0,Finland
FI,2009,11750.0,Finland
FI,2010,12297.0,Finland
FI,2011,13724.0,Finland
FI,2012,12444.0,Finland
FI,2013,13421.0,Finland
FI,2014,12118.0,Finland
FI,2015,34900.0,Finland
FI,2016,21814.0,Finland
FJ,1995,9.0,Fiji
FJ,1996,7.0,Fiji
FJ,2006,2.0,Fiji
FJ,2007,1.0,Fiji
FJ,2008,6.0,Fiji
FJ,2009,5.0,Fiji
FJ,2010,7.0,Fiji
FJ,2011,7.0,Fiji
FJ,2012,12.0,Fiji
FJ,2013,13.0,Fiji
FJ,2014,24.0,Fiji
FJ,2015,20.0,Fiji
FJ,2016,7.0,Fiji
FR,1992,92.0,France
FR,1993,87.0,France
FR,1994,20170.0,France
FR,1995,78138.0,France
FR,1996,76684.0,France
FR,1997,73436.0,France
FR,1998,71771.0,France
FR,1999,67345.0,France
FR,2000,63880.0,France
FR,2001,65005.0,France
FR,2002,66795.0,France
FR,2003,66996.0,France
FR,2004,74818.0,France
FR,2005,82567.0,France
FR,2006,87172.0,France
FR,2007,92701.0,France
FR,2008,99707.0,France
FR,2009,110454.0,France
FR,2010,116444.0,France
FR,2011,123928.0,France
FR,2012,143461.0,France
FR,2013,180163.0,France
FR,2014,190397.0,France
FR,2015,209475.0,France
FR,2016,230770.0,France
GA,1990,417.0,Gabon
GA,1991,220.0,Gabon
GA,1992,272.0,Gabon
GA,1993,25.0,Gabon
GA,1994,432.0,Gabon
GA,1995,711.0,Gabon
GA,1996,722.0,Gabon
GA,1997,2738.0,Gabon
GA,1998,772.0,Gabon
GA,1999,2193.0,Gabon
GA,2000,2529.0,Gabon
GA,2001,2846.0,Gabon
GA,2002,3035.0,Gabon
GA,2003,3271.0,Gabon
GA,2004,3048.0,Gabon
GA,2005,2362.0,Gabon
GA,2006,1954.0,Gabon
GA,2007,2076.0,Gabon
GA,2008,2307.0,Gabon
GA,2009,2301.0,Gabon
GA,2010,2312.0,Gabon
GA,2011,2333.0,Gabon
GA,2012,2353.0,Gabon
GA,2013,2378.0,Gabon
GA,2014,1672.0,Gabon
GA,2015,1753.0,Gabon
GA,2016,1679.0,Gabon
GB,1988,9031.0,United Kingdom
GB,1989,13542.0,United Kingdom
GB,1990,16177.0,United Kingdom
GB,1991,18126.0,United Kingdom
GB,1992,33084.0,United Kingdom
GB,1993,43813.0,United Kingdom
GB,1994,46030.0,United Kingdom
GB,1995,49119.0,United Kingdom
GB,1996,52831.0,United Kingdom
GB,1997,56150.0,United Kingdom
GB,1998,61472.0,United Kingdom
GB,1999,59930.0,United Kingdom
GB,2000,89647.0,United Kingdom
GB,2001,111342.0,United Kingdom
GB,2002,132136.0,United Kingdom
GB,2003,144131.0,United Kingdom
GB,2004,151027.0,United Kingdom
GB,2005,155809.0,United Kingdom
GB,2006,158136.0,United Kingdom
GB,2007,161501.0,United Kingdom
GB,2008,160411.0,United Kingdom
GB,2009,160543.0,United Kingdom
GB,2010,140109.0,United Kingdom
GB,2011,137008.0,United Kingdom
GB,2012,111488.0,United Kingdom
GB,2013,102250.0,United Kingdom
GB,2014,107613.0,United Kingdom
GB,2015,114618.0,United Kingdom
GB,2016,119162.0,United Kingdom
GD,2015,1.0,Grenada
GE,1993,260000.0,Georgia
GE,1994,280000.0,Georgia
GE,1995,272400.0,Georgia
GE,1996,272359.0,Georgia
GE,1997,273546.0,Georgia
GE,1998,277026.0,Georgia
GE,1999,284300.0,Georgia
GE,2000,280004.0,Georgia
GE,2001,272121.0,Georgia
GE,2002,265777.0,Georgia
GE,2003,264455.0,Georgia
GE,2004,240067.0,Georgia
GE,2005,238597.0,Georgia
GE,2006,309788.0,Georgia
GE,2007,275616.0,Georgia
GE,2008,435262.0,Georgia
GE,2009,360498.0,Georgia
GE,2010,362223.0,Georgia
GE,2011,276068.0,Georgia
GE,2012,281851.0,Georgia
GE,2013,259565.0,Georgia
GE,2014,264783.0,Georgia
GE,2015,271090.0,Georgia
GE,2016,276115.0,Georgia
GF,1989,6601.0,French Guiana
GF,1990,6601.0,French Guiana
GF,1991,6532.0,French Guiana
GF,1992,6247.0,French Guiana
GF,1993,11.0,French Guiana
GF,1994,11.0,French Guiana
GH,1986,50.0,Ghana
GH,1987,50.0,Ghana
GH,1988,50.0,Ghana
GH,1989,50.0,Ghana
GH,1990,7979.0,Ghana
GH,1991,10030.0,Ghana
GH,1992,12000.0,Ghana
GH,1993,150095.0,Ghana
GH,1994,322765.0,Ghana
GH,1995,115399.0,Ghana
GH,1996,86610.0,Ghana
GH,1997,32573.0,Ghana
GH,1998,17584.0,Ghana
GH,1999,13604.0,Ghana
GH,2000,13142.0,Ghana
GH,2001,14138.0,Ghana
GH,2002,42258.0,Ghana
GH,2003,48059.0,Ghana
GH,2004,49959.0,Ghana
GH,2005,60176.0,Ghana
GH,2006,60779.0,Ghana
GH,2007,51248.0,Ghana
GH,2008,31688.0,Ghana
GH,2009,15000.0,Ghana
GH,2010,14651.0,Ghana
GH,2011,26551.0,Ghana
GH,2012,23341.0,Ghana
GH,2013,20467.0,Ghana
GH,2014,20963.0,Ghana
GH,2015,19125.0,Ghana
GH,2016,13124.0,Ghana
GM,1990,70.0,Gambia
GM,1991,228.0,Gambia
GM,1992,3610.0,Gambia
GM,1993,2190.0,Gambia
GM,1994,2006.0,Gambia
GM,1995,6599.0,Gambia
GM,1996,7232.0,Gambia
GM,1997,7279.0,Gambia
GM,1998,10970.0,Gambia
GM,1999,17546.0,Gambia
GM,2000,12215.0,Gambia
GM,2001,10356.0,Gambia
GM,2002,12119.0,Gambia
GM,2003,7602.0,Gambia
GM,2004,8294.0,Gambia
GM,2005,7966.0,Gambia
GM,2006,14400.0,Gambia
GM,2007,14955.0,Gambia
GM,2008,15089.0,Gambia
GM,2009,12502.0,Gambia
GM,2010,8457.0,Gambia
GM,2011,9544.0,Gambia
GM,2012,10171.0,Gambia
GM,2013,9786.0,Gambia
GM,2014,11538.0,Gambia
GM,2015,7806.0,Gambia
GM,2016,7892.0,Gambia
GN,1990,325000.0,Guinea
GN,1991,547956.0,Guinea
GN,1992,561958.0,Guinea
GN,1993,586990.0,Guinea
GN,1994,554162.0,Guinea
GN,1995,678783.0,Guinea
GN,1996,663855.0,Guinea
GN,1997,448294.0,Guinea
GN,1998,733251.0,Guinea
GN,1999,572947.0,Guinea
GN,2000,475091.0,Guinea
GN,2001,257075.0,Guinea
GN,2002,223323.0,Guinea
GN,2003,216546.0,Guinea
GN,2004,180097.0,Guinea
GN,2005,96932.0,Guinea
GN,2006,89541.0,Guinea
GN,2007,35531.0,Guinea
GN,2008,22555.0,Guinea
GN,2009,16361.0,Guinea
GN,2010,14951.0,Guinea
GN,2011,17215.0,Guinea
GN,2012,16401.0,Guinea
GN,2013,9205.0,Guinea
GN,2014,8984.0,Guinea
GN,2015,8963.0,Guinea
GN,2016,5381.0,Guinea
GR,1985,3410.0,Greece
GR,1986,2230.0,Greece
GR,1987,2620.0,Greece
GR,1988,2860.0,Greece
GR,1989,5370.0,Greece
GR,1993,5734.0,Greece
GR,1994,5676.0,Greece
GR,1995,3083.0,Greece
GR,1996,4183.0,Greece
GR,1997,3966.0,Greece
GR,1998,2900.0,Greece
GR,1999,2976.0,Greece
GR,2000,5535.0,Greece
GR,2001,12464.0,Greece
GR,2002,3825.0,Greece
GR,2003,6584.0,Greece
GR,2004,9699.0,Greece
GR,2005,8429.0,Greece
GR,2006,8108.0,Greece
GR,2007,9342.0,Greece
GR,2008,7121.0,Greece
GR,2009,1608.0,Greece
GR,2010,46971.0,Greece
GR,2011,1531.0,Greece
GR,2012,1921.0,Greece
GR,2013,59636.0,Greece
GR,2014,14492.0,Greece
GR,2015,28013.0,Greece
GR,2016,70495.0,Greece
GT,1985,12000.0,Guatemala
GT,1986,12000.0,Guatemala
GT,1987,12000.0,Guatemala
GT,1988,13053.0,Guatemala
GT,1989,4931.0,Guatemala
GT,1990,6374.0,Guatemala
GT,1991,5450.0,Guatemala
GT,1992,4918.0,Guatemala
GT,1993,4734.0,Guatemala
GT,1994,12650.0,Guatemala
GT,1995,15203.0,Guatemala
GT,1996,12814.0,Guatemala
GT,1997,3202.0,Guatemala
GT,1998,893.0,Guatemala
GT,1999,815.0,Guatemala
GT,2000,758.0,Guatemala
GT,2001,749.0,Guatemala
GT,2002,745.0,Guatemala
GT,2003,721.0,Guatemala
GT,2004,661.0,Guatemala
GT,2005,394.0,Guatemala
GT,2006,386.0,Guatemala
GT,2007,381.0,Guatemala
GT,2008,135.0,Guatemala
GT,2009,135.0,Guatemala
GT,2010,140.0,Guatemala
GT,2011,157.0,Guatemala
GT,2012,162.0,Guatemala
GT,2013,174.0,Guatemala
GT,2014,275.0,Guatemala
GT,2015,3851.0,Guatemala
GT,2016,295.0,Guatemala
GW,1990,3004.0,Guinea-Bissau
GW,1991,4631.0,Guinea-Bissau
GW,1992,12873.0,Guinea-Bissau
GW,1993,21831.0,Guinea-Bissau
GW,1994,23909.0,Guinea-Bissau
GW,1995,15350.0,Guinea-Bissau
GW,1996,15406.0,Guinea-Bissau
GW,1997,15944.0,Guinea-Bissau
GW,1998,202116.0,Guinea-Bissau
GW,1999,222403.0,Guinea-Bissau
GW,2000,7597.0,Guinea-Bissau
GW,2001,8177.0,Guinea-Bissau
GW,2002,7711.0,Guinea-Bissau
GW,2003,7727.0,Guinea-Bissau
GW,2004,7693.0,Guinea-Bissau
GW,2005,7761.0,Guinea-Bissau
GW,2006,8117.0,Guinea-Bissau
GW,2007,8202.0,Guinea-Bissau
GW,2008,8197.0,Guinea-Bissau
GW,2009,8178.0,Guinea-Bissau
GW,2010,7956.0,Guinea-Bissau
GW,2011,7878.0,Guinea-Bissau
GW,2012,7881.0,Guinea-Bissau
GW,2013,8626.0,Guinea-Bissau
GW,2014,8788.0,Guinea-Bissau
GW,2015,8785.0,Guinea-Bissau
GW,2016,8462.0,Guinea-Bissau
GY,1997,1.0,Guyana
GY,2011,1.0,Guyana
GY,2013,4.0,Guyana
GY,2014,5.0,Guyana
GY,2015,5.0,Guyana
HN,1985,60000.0,Honduras
HN,1986,68000.0,Honduras
HN,1987,75550.0,Honduras
HN,1988,72254.0,Honduras
HN,1989,62170.0,Honduras
HN,1990,38190.0,Honduras
HN,1991,3061.0,Honduras
HN,1992,1958.0,Honduras
HN,1993,76.0,Honduras
HN,1994,107.0,Honduras
HN,1995,44.0,Honduras
HN,1997,50.0,Honduras
HN,1998,9.0,Honduras
HN,1999,10.0,Honduras
HN,2000,18.0,Honduras
HN,2001,20.0,Honduras
HN,2002,30.0,Honduras
HN,2003,19.0,Honduras
HN,2004,40.0,Honduras
HN,2005,68.0,Honduras
HN,2006,18.0,Honduras
HN,2007,39.0,Honduras
HN,2008,21.0,Honduras
HN,2009,17.0,Honduras
HN,2010,11.0,Honduras
HN,2011,14.0,Honduras
HN,2012,14.0,Honduras
HN,2013,36.0,Honduras
HN,2014,39.0,Honduras
HN,2015,179136.0,Honduras
HN,2016,178821.0,Honduras
HR,1993,631000.0,Croatia
HR,1994,490600.0,Croatia
HR,1995,391744.0,Croatia
HR,1996,325667.0,Croatia
HR,1997,152982.0,Croatia
HR,1998,129366.0,Croatia
HR,1999,102864.0,Croatia
HR,2000,73518.0,Croatia
HR,2001,58005.0,Croatia
HR,2002,35549.0,Croatia
HR,2003,23384.0,Croatia
HR,2004,16265.0,Croatia
HR,2005,10321.0,Croatia
HR,2006,7109.0,Croatia
HR,2007,5416.0,Croatia
HR,2008,32512.0,Croatia
HR,2009,27380.0,Croatia
HR,2010,25212.0,Croatia
HR,2011,23679.0,Croatia
HR,2012,23761.0,Croatia
HR,2013,19659.0,Croatia
HR,2014,16473.0,Croatia
HR,2015,14449.0,Croatia
HR,2016,15220.0,Croatia
HT,1999,1.0,Haiti
HT,2000,6.0,Haiti
HT,2007,2.0,Haiti
HT,2008,3.0,Haiti
HT,2009,15.0,Haiti
HT,2010,4.0,Haiti
HT,2011,6.0,Haiti
HT,2012,12.0,Haiti
HT,2013,11.0,Haiti
HT,2014,4.0,Haiti
HT,2015,11.0,Haiti
HU,1989,27000.0,Hungary
HU,1990,30330.0,Hungary
HU,1991,3780.0,Hungary
HU,1992,2430.0,Hungary
HU,1993,2389.0,Hungary
HU,1994,1982.0,Hungary
HU,1995,4.0,Hungary
HU,1996,727.0,Hungary
HU,1997,229.0,Hungary
HU,1998,3.0,Hungary
HU,1999,2461.0,Hungary
HU,2000,4131.0,Hungary
HU,2001,4903.0,Hungary
HU,2002,5069.0,Hungary
HU,2003,5469.0,Hungary
HU,2004,5196.0,Hungary
HU,2005,5418.0,Hungary
HU,2006,5589.0,Hungary
HU,2007,6092.0,Hungary
HU,2008,6254.0,Hungary
HU,2009,5320.0,Hungary
HU,2010,4855.0,Hungary
HU,2011,4369.0,Hungary
HU,2012,3347.0,Hungary
HU,2013,3774.0,Hungary
HU,2014,6721.0,Hungary
HU,2015,38435.0,Hungary
HU,2016,6601.0,Hungary
ID,1985,670.0,Indonesia
ID,1986,50.0,Indonesia
ID,1988,80.0,Indonesia
ID,1989,72.0,Indonesia
ID,1990,1816.0,Indonesia
ID,1991,1694.0,Indonesia
ID,1992,585.0,Indonesia
ID,1993,520.0,Indonesia
ID,1995,98.0,Indonesia
ID,1996,385.0,Indonesia
ID,1997,17.0,Indonesia
ID,1998,27.0,Indonesia
ID,1999,290029.0,Indonesia
ID,2000,170736.0,Indonesia
ID,2001,92515.0,Indonesia
ID,2002,60610.0,Indonesia
ID,2003,16967.0,Indonesia
ID,2004,17008.0,Indonesia
ID,2005,359.0,Indonesia
ID,2006,476.0,Indonesia
ID,2007,513.0,Indonesia
ID,2008,679.0,Indonesia
ID,2009,2322.0,Indonesia
ID,2010,2695.0,Indonesia
ID,2011,3535.0,Indonesia
ID,2012,6153.0,Indonesia
ID,2013,7156.0,Indonesia
ID,2014,9982.0,Indonesia
ID,2015,11857.0,Indonesia
ID,2016,12520.0,Indonesia
IE,1993,2.0,Ireland
IE,1994,375.0,Ireland
IE,1996,86.0,Ireland
IE,1997,1.0,Ireland
IE,1998,8.0,Ireland
IE,1999,1207.0,Ireland
IE,2000,1096.0,Ireland
IE,2001,1903.0,Ireland
IE,2002,3415.0,Ireland
IE,2003,10668.0,Ireland
IE,2004,7668.0,Ireland
IE,2005,5529.0,Ireland
IE,2006,9145.0,Ireland
IE,2007,11471.0,Ireland
IE,2008,12084.0,Ireland
IE,2009,10325.0,Ireland
IE,2010,12315.0,Ireland
IE,2011,11261.0,Ireland
IE,2012,9740.0,Ireland
IE,2013,9156.0,Ireland
IE,2014,8202.0,Ireland
IE,2015,9542.0,Ireland
IE,2016,8372.0,Ireland
IL,1998,27.0,Israel
IL,1999,126.0,Israel
IL,2000,6042.0,Israel
IL,2001,4672.0,Israel
IL,2002,4843.0,Israel
IL,2003,4174.0,Israel
IL,2004,470.0,Israel
IL,2005,1384.0,Israel
IL,2006,1600.0,Israel
IL,2007,6684.0,Israel
IL,2008,14474.0,Israel
IL,2009,20887.0,Israel
IL,2010,29728.0,Israel
IL,2011,45259.0,Israel
IL,2012,48276.0,Israel
IL,2013,47890.0,Israel
IL,2014,39385.0,Israel
IL,2015,32594.0,Israel
IL,2016,32561.0,Israel
IN,1985,6840.0,India
IN,1986,6700.0,India
IN,1987,5180.0,India
IN,1988,5551.0,India
IN,1989,9371.0,India
IN,1990,214146.0,India
IN,1991,213038.0,India
IN,1992,287013.0,India
IN,1993,264278.0,India
IN,1994,266002.0,India
IN,1995,237603.0,India
IN,1996,234597.0,India
IN,1997,238931.0,India
IN,1998,198312.0,India
IN,1999,179309.0,India
IN,2000,170124.0,India
IN,2001,168767.0,India
IN,2002,169495.0,India
IN,2003,168624.0,India
IN,2004,171630.0,India
IN,2005,140750.0,India
IN,2006,157220.0,India
IN,2007,162709.0,India
IN,2008,186086.0,India
IN,2009,185350.0,India
IN,2010,185523.0,India
IN,2011,181411.0,India
IN,2012,180011.0,India
IN,2013,179311.0,India
IN,2014,188181.0,India
IN,2015,189970.0,India
IN,2016,188663.0,India
IQ,1985,3200.0,Iraq
IQ,1986,1000.0,Iraq
IQ,1991,590.0,Iraq
IQ,1992,600.0,Iraq
IQ,1993,2030.0,Iraq
IQ,1994,12850.0,Iraq
IQ,1995,16049.0,Iraq
IQ,1996,48238.0,Iraq
IQ,1997,48199.0,Iraq
IQ,1998,13042.0,Iraq
IQ,1999,12408.0,Iraq
IQ,2000,14144.0,Iraq
IQ,2001,14584.0,Iraq
IQ,2002,14024.0,Iraq
IQ,2003,14011.0,Iraq
IQ,2004,14835.0,Iraq
IQ,2005,1541128.0,Iraq
IQ,2006,2133197.0,Iraq
IQ,2007,2569703.0,Iraq
IQ,2008,3090941.0,Iraq
IQ,2009,1962657.0,Iraq
IQ,2010,1775837.0,Iraq
IQ,2011,1663361.0,Iraq
IQ,2012,1551819.0,Iraq
IQ,2013,1368497.0,Iraq
IQ,2014,3871317.0,Iraq
IQ,2015,4668519.0,Iraq
IQ,2016,5255968.0,Iraq
IS,1997,40.0,Iceland
IS,1998,45.0,Iceland
IS,1999,39.0,Iceland
IS,2000,46.0,Iceland
IS,2001,65.0,Iceland
IS,2002,75.0,Iceland
IS,2003,73.0,Iceland
IS,2004,79.0,Iceland
IS,2005,179.0,Iceland
IS,2006,131.0,Iceland
IS,2007,69.0,Iceland
IS,2008,195.0,Iceland
IS,2009,201.0,Iceland
IS,2010,213.0,Iceland
IS,2011,221.0,Iceland
IS,2012,265.0,Iceland
IS,2013,413.0,Iceland
IS,2014,232.0,Iceland
IS,2015,267.0,Iceland
IS,2016,190.0,Iceland
IT,1985,17435.0,Italy
IT,1986,16057.0,Italy
IT,1987,14620.0,Italy
IT,1988,13239.0,Italy
IT,1989,9551.0,Italy
IT,1990,7137.0,Italy
IT,1991,6238.0,Italy
IT,1992,5901.0,Italy
IT,1993,15476.0,Italy
IT,1994,15071.0,Italy
IT,1995,32463.0,Italy
IT,1996,30852.0,Italy
IT,1997,32238.0,Italy
IT,1998,4753.0,Italy
IT,1999,4329.0,Italy
IT,2000,4331.0,Italy
IT,2001,4830.0,Italy
IT,2002,5911.0,Italy
IT,2003,6263.0,Italy
IT,2004,9827.0,Italy
IT,2005,14420.0,Italy
IT,2006,19887.0,Italy
IT,2007,29209.0,Italy
IT,2008,37988.0,Italy
IT,2009,46350.0,Italy
IT,2010,51872.0,Italy
IT,2011,51075.0,Italy
IT,2012,70893.0,Italy
IT,2013,83230.0,Italy
IT,2014,131754.0,Italy
IT,2015,169058.0,Italy
IT,2016,237767.0,Italy
JM,1992,140.0,Jamaica
JM,1993,65.0,Jamaica
JM,1994,71.0,Jamaica
JM,1995,58.0,Jamaica
JM,1996,25.0,Jamaica
JM,1997,33.0,Jamaica
JM,1998,37.0,Jamaica
JM,1999,37.0,Jamaica
JM,2000,38.0,Jamaica
JM,2009,29.0,Jamaica
JM,2010,21.0,Jamaica
JM,2011,20.0,Jamaica
JM,2012,20.0,Jamaica
JM,2013,22.0,Jamaica
JM,2014,22.0,Jamaica
JM,2015,17.0,Jamaica
JM,2016,16.0,Jamaica
JO,1985,400.0,Jordan
JO,1989,130.0,Jordan
JO,1990,145.0,Jordan
JO,1991,820.0,Jordan
JO,1992,260.0,Jordan
JO,1993,467.0,Jordan
JO,1994,583.0,Jordan
JO,1995,759.0,Jordan
JO,1996,1103.0,Jordan
JO,1997,733.0,Jordan
JO,1998,819.0,Jordan
JO,1999,1019.0,Jordan
JO,2000,8961.0,Jordan
JO,2001,6342.0,Jordan
JO,2002,4966.0,Jordan
JO,2003,7922.0,Jordan
JO,2004,13738.0,Jordan
JO,2005,17773.0,Jordan
JO,2006,519577.0,Jordan
JO,2007,500582.0,Jordan
JO,2008,502369.0,Jordan
JO,2009,453727.0,Jordan
JO,2010,453121.0,Jordan
JO,2011,460504.0,Jordan
JO,2012,308392.0,Jordan
JO,2013,647932.0,Jordan
JO,2014,673404.0,Jordan
JO,2015,689002.0,Jordan
JO,2016,720425.0,Jordan
JP,1995,2.0,Japan
JP,1996,2.0,Japan
JP,1997,3.0,Japan
JP,1998,538.0,Japan
JP,1999,531.0,Japan
JP,2000,689.0,Japan
JP,2001,697.0,Japan
JP,2002,537.0,Japan
JP,2003,432.0,Japan
JP,2004,477.0,Japan
JP,2005,2275.0,Japan
JP,2006,2340.0,Japan
JP,2007,2278.0,Japan
JP,2008,2323.0,Japan
JP,2009,2561.0,Japan
JP,2010,2696.0,Japan
JP,2011,2911.0,Japan
JP,2012,4043.0,Japan
JP,2013,5346.0,Japan
JP,2014,7034.0,Japan
JP,2015,11602.0,Japan
JP,2016,14395.0,Japan
KE,1985,8640.0,Kenya
KE,1986,9320.0,Kenya
KE,1987,10410.0,Kenya
KE,1988,13120.0,Kenya
KE,1989,12754.0,Kenya
KE,1990,14329.0,Kenya
KE,1991,119573.0,Kenya
KE,1992,400454.0,Kenya
KE,1993,391867.0,Kenya
KE,1994,325223.0,Kenya
KE,1995,278845.0,Kenya
KE,1996,225504.0,Kenya
KE,1997,236035.0,Kenya
KE,1998,241547.0,Kenya
KE,1999,224511.0,Kenya
KE,2000,215204.0,Kenya
KE,2001,252337.0,Kenya
KE,2002,234883.0,Kenya
KE,2003,240630.0,Kenya
KE,2004,246531.0,Kenya
KE,2005,265429.0,Kenya
KE,2006,390494.0,Kenya
KE,2007,387915.0,Kenya
KE,2008,1185791.0,Kenya
KE,2009,876494.0,Kenya
KE,2010,741752.0,Kenya
KE,2011,910418.0,Kenya
KE,2012,991468.0,Kenya
KE,2013,575329.0,Kenya
KE,2014,479332.0,Kenya
KE,2015,479015.0,Kenya
KE,2016,410840.0,Kenya
KG,1993,21242.0,Kyrgyzstan
KG,1994,21239.0,Kyrgyzstan
KG,1995,13407.0,Kyrgyzstan
KG,1996,16707.0,Kyrgyzstan
KG,1997,15276.0,Kyrgyzstan
KG,1998,15700.0,Kyrgyzstan
KG,1999,18280.0,Kyrgyzstan
KG,2000,17485.0,Kyrgyzstan
KG,2001,10950.0,Kyrgyzstan
KG,2002,8552.0,Kyrgyzstan
KG,2003,6315.0,Kyrgyzstan
KG,2004,4215.0,Kyrgyzstan
KG,2005,103086.0,Kyrgyzstan
KG,2006,12379.0,Kyrgyzstan
KG,2007,10902.0,Kyrgyzstan
KG,2008,21070.0,Kyrgyzstan
KG,2009,25536.0,Kyrgyzstan
KG,2010,304153.0,Kyrgyzstan
KG,2011,210789.0,Kyrgyzstan
KG,2012,192749.0,Kyrgyzstan
KG,2013,12254.0,Kyrgyzstan
KG,2014,686.0,Kyrgyzstan
KG,2015,519.0,Kyrgyzstan
KG,2016,443.0,Kyrgyzstan
KH,1993,2.0,Cambodia
KH,1994,124107.0,Cambodia
KH,1995,49706.0,Cambodia
KH,1996,29414.0,Cambodia
KH,1997,37907.0,Cambodia
KH,1998,18.0,Cambodia
KH,1999,17.0,Cambodia
KH,2000,71.0,Cambodia
KH,2001,57.0,Cambodia
KH,2002,53.0,Cambodia
KH,2003,82.0,Cambodia
KH,2004,27.0,Cambodia
KH,2005,16.0,Cambodia
KH,2006,24.0,Cambodia
KH,2007,17.0,Cambodia
KH,2008,20.0,Cambodia
KH,2009,25.0,Cambodia
KH,2010,24.0,Cambodia
KH,2011,33.0,Cambodia
KH,2012,31.0,Cambodia
KH,2013,17.0,Cambodia
KH,2014,31.0,Cambodia
KH,2015,31.0,Cambodia
KH,2016,18.0,Cambodia
KM,1992,350.0,Comoros
KM,2000,8.0,Comoros
KM,2001,3.0,Comoros
KN,2012,1.0,Saint Kitts and Nevis
KN,2013,2.0,Saint Kitts and Nevis
KN,2014,2.0,Saint Kitts and Nevis
KW,1985,2880.0,Kuwait
KW,1989,150.0,Kuwait
KW,1991,20000.0,Kuwait
KW,1992,19879.0,Kuwait
KW,1993,22000.0,Kuwait
KW,1994,22100.0,Kuwait
KW,1995,2019.0,Kuwait
KW,1996,2360.0,Kuwait
KW,1997,16712.0,Kuwait
KW,1998,16956.0,Kuwait
KW,1999,17038.0,Kuwait
KW,2000,16475.0,Kuwait
KW,2001,15492.0,Kuwait
KW,2002,15782.0,Kuwait
KW,2003,15786.0,Kuwait
KW,2004,95754.0,Kuwait
KW,2005,95787.0,Kuwait
KW,2006,103511.0,Kuwait
KW,2007,123555.0,Kuwait
KW,2008,126466.0,Kuwait
KW,2009,95700.0,Kuwait
KW,2010,95951.0,Kuwait
KW,2011,94292.0,Kuwait
KW,2012,94432.0,Kuwait
KW,2013,94622.0,Kuwait
KW,2014,1528.0,Kuwait
KW,2015,1507.0,Kuwait
KW,2016,1582.0,Kuwait
KY,2009,5.0,Cayman Islands
KY,2010,5.0,Cayman Islands
KY,2011,4.0,Cayman Islands
KY,2012,3.0,Cayman Islands
KY,2013,11.0,Cayman Islands
KY,2014,53.0,Cayman Islands
KY,2015,16.0,Cayman Islands
KY,2016,37.0,Cayman Islands
KZ,1993,5000.0,Kazakhstan
KZ,1994,5028.0,Kazakhstan
KZ,1995,15500.0,Kazakhstan
KZ,1996,15500.0,Kazakhstan
KZ,1997,2770.0,Kazakhstan
KZ,1998,8354.0,Kazakhstan
KZ,1999,15301.0,Kazakhstan
KZ,2000,20606.0,Kazakhstan
KZ,2001,19270.0,Kazakhstan
KZ,2002,20107.0,Kazakhstan
KZ,2003,15894.0,Kazakhstan
KZ,2004,74159.0,Kazakhstan
KZ,2005,57927.0,Kazakhstan
KZ,2006,50222.0,Kazakhstan
KZ,2007,12231.0,Kazakhstan
KZ,2008,12079.0,Kazakhstan
KZ,2009,12114.0,Kazakhstan
KZ,2010,12681.0,Kazakhstan
KZ,2011,11706.0,Kazakhstan
KZ,2012,11272.0,Kazakhstan
KZ,2013,11277.0,Kazakhstan
KZ,2014,3047.0,Kazakhstan
KZ,2015,807.0,Kazakhstan
KZ,2016,780.0,Kazakhstan
LB,1985,1390.0,Lebanon
LB,1986,2420.0,Lebanon
LB,1988,4370.0,Lebanon
LB,1989,50.0,Lebanon
LB,1990,800.0,Lebanon
LB,1991,560.0,Lebanon
LB,1992,910.0,Lebanon
LB,1993,1157.0,Lebanon
LB,1994,1345.0,Lebanon
LB,1995,1818.0,Lebanon
LB,1996,2334.0,Lebanon
LB,1997,2875.0,Lebanon
LB,1998,3515.0,Lebanon
LB,1999,3906.0,Lebanon
LB,2000,7922.0,Lebanon
LB,2001,6375.0,Lebanon
LB,2002,2955.0,Lebanon
LB,2003,3058.0,Lebanon
LB,2004,3929.0,Lebanon
LB,2005,2961.0,Lebanon
LB,2006,772730.0,Lebanon
LB,2007,250993.0,Lebanon
LB,2008,50968.0,Lebanon
LB,2009,51150.0,Lebanon
LB,2010,9414.0,Lebanon
LB,2011,16025.0,Lebanon
LB,2012,135960.0,Lebanon
LB,2013,859290.0,Lebanon
LB,2014,1163952.0,Lebanon
LB,2015,1085710.0,Lebanon
LB,2016,1029254.0,Lebanon
LC,1997,3.0,Saint Lucia
LC,2007,3.0,Saint Lucia
LC,2008,1.0,Saint Lucia
LC,2009,4.0,Saint Lucia
LC,2010,7.0,Saint Lucia
LC,2011,6.0,Saint Lucia
LC,2012,3.0,Saint Lucia
LC,2013,6.0,Saint Lucia
LC,2014,3.0,Saint Lucia
LC,2015,2.0,Saint Lucia
LI,2001,84.0,Liechtenstein
LI,2002,100.0,Liechtenstein
LI,2003,113.0,Liechtenstein
LI,2004,95.0,Liechtenstein
LI,2005,94.0,Liechtenstein
LI,2006,36.0,Liechtenstein
LI,2007,31.0,Liechtenstein
LI,2008,31.0,Liechtenstein
LI,2009,72.0,Liechtenstein
LI,2010,70.0,Liechtenstein
LI,2011,87.0,Liechtenstein
LI,2012,74.0,Liechtenstein
LI,2013,77.0,Liechtenstein
LI,2014,128.0,Liechtenstein
LI,2015,170.0,Liechtenstein
LI,2016,162.0,Liechtenstein
LK,1993,29417.0,Sri Lanka
LK,1994,9100.0,Sri Lanka
LK,1995,200016.0,Sri Lanka
LK,1996,200016.0,Sri Lanka
LK,1997,200024.0,Sri Lanka
LK,1998,633543.0,Sri Lanka
LK,1999,612539.0,Sri Lanka
LK,2000,706553.0,Sri Lanka
LK,2001,731884.0,Sri Lanka
LK,2002,731877.0,Sri Lanka
LK,2003,462863.0,Sri Lanka
LK,2004,386212.0,Sri Lanka
LK,2005,352111.0,Sri Lanka
LK,2006,558866.0,Sri Lanka
LK,2007,618530.0,Sri Lanka
LK,2008,526180.0,Sri Lanka
LK,2009,530010.0,Sri Lanka
LK,2010,435203.0,Sri Lanka
LK,2011,283314.0,Sri Lanka
LK,2012,138457.0,Sri Lanka
LK,2013,84514.0,Sri Lanka
LK,2014,32554.0,Sri Lanka
LK,2015,54404.0,Sri Lanka
LK,2016,53321.0,Sri Lanka
LR,1986,70.0,Liberia
LR,1989,60.0,Liberia
LR,1992,109950.0,Liberia
LR,1993,150148.0,Liberia
LR,1994,340269.0,Liberia
LR,1995,440074.0,Liberia
LR,1996,440067.0,Liberia
LR,1997,294681.0,Liberia
LR,1998,303377.0,Liberia
LR,1999,237760.0,Liberia
LR,2000,200855.0,Liberia
LR,2001,265886.0,Liberia
LR,2002,403669.0,Liberia
LR,2003,585118.0,Liberia
LR,2004,567810.0,Liberia
LR,2005,508761.0,Liberia
LR,2006,254059.0,Liberia
LR,2007,10556.0,Liberia
LR,2008,10258.0,Liberia
LR,2009,9982.0,Liberia
LR,2010,26619.0,Liberia
LR,2011,265819.0,Liberia
LR,2012,139540.0,Liberia
LR,2013,73550.0,Liberia
LR,2014,52311.0,Liberia
LR,2015,50043.0,Liberia
LR,2016,39532.0,Liberia
LS,1985,11500.0,Lesotho
LS,1986,11500.0,Lesotho
LS,1987,4000.0,Lesotho
LS,1988,4230.0,Lesotho
LS,1989,4248.0,Lesotho
LS,1990,212.0,Lesotho
LS,1991,208.0,Lesotho
LS,1992,103.0,Lesotho
LS,1993,35.0,Lesotho
LS,1994,50.0,Lesotho
LS,2006,1.0,Lesotho
LS,2011,26.0,Lesotho
LS,2012,25.0,Lesotho
LS,2013,21.0,Lesotho
LS,2014,21.0,Lesotho
LS,2015,15.0,Lesotho
LS,2016,16.0,Lesotho
LT,1997,6.0,Lithuania
LT,1998,32.0,Lithuania
LT,1999,37.0,Lithuania
LT,2000,163.0,Lithuania
LT,2001,362.0,Lithuania
LT,2002,606.0,Lithuania
LT,2003,476.0,Lithuania
LT,2004,9513.0,Lithuania
LT,2005,9280.0,Lithuania
LT,2006,7780.0,Lithuania
LT,2007,6600.0,Lithuania
LT,2008,6736.0,Lithuania
LT,2009,4747.0,Lithuania
LT,2010,4539.0,Lithuania
LT,2011,4361.0,Lithuania
LT,2012,5049.0,Lithuania
LT,2013,4863.0,Lithuania
LT,2014,1125.0,Lithuania
LT,2015,1158.0,Lithuania
LT,2016,1124.0,Lithuania
LU,2003,2.0,Luxembourg
LU,2007,154.0,Luxembourg
LU,2008,162.0,Luxembourg
LU,2009,502.0,Luxembourg
LU,2010,592.0,Luxembourg
LU,2011,179.0,Luxembourg
LU,2012,177.0,Luxembourg
LU,2013,1418.0,Luxembourg
LU,2014,1639.0,Luxembourg
LU,2015,2919.0,Luxembourg
LU,2016,3275.0,Luxembourg
LV,1998,2.0,Latvia
LV,1999,6.0,Latvia
LV,2000,7.0,Latvia
LV,2001,7.0,Latvia
LV,2002,17.0,Latvia
LV,2003,15.0,Latvia
LV,2004,452191.0,Latvia
LV,2005,418657.0,Latvia
LV,2006,393035.0,Latvia
LV,2007,372665.0,Latvia
LV,2008,365483.0,Latvia
LV,2009,344347.0,Latvia
LV,2010,327014.0,Latvia
LV,2011,312633.0,Latvia
LV,2012,281006.0,Latvia
LV,2013,268098.0,Latvia
LV,2014,384.0,Latvia
LV,2015,351.0,Latvia
LV,2016,419.0,Latvia
LY,1993,1181.0,Libya
LY,1994,2175.0,Libya
LY,1995,4478.0,Libya
LY,1996,6042.0,Libya
LY,1997,4651.0,Libya
LY,1998,3296.0,Libya
LY,1999,3046.0,Libya
LY,2000,3070.0,Libya
LY,2001,3087.0,Libya
LY,2002,3089.0,Libya
LY,2003,3340.0,Libya
LY,2004,3496.0,Libya
LY,2005,3519.0,Libya
LY,2006,2828.0,Libya
LY,2007,5000.0,Libya
LY,2008,8586.0,Libya
LY,2009,8585.0,Libya
LY,2010,8386.0,Libya
LY,2011,580656.0,Libya
LY,2012,247944.0,Libya
LY,2013,86591.0,Libya
LY,2014,394749.0,Libya
LY,2015,466363.0,Libya
LY,2016,656871.0,Libya
MA,1985,60.0,Morocco
MA,1987,60.0,Morocco
MA,1993,1.0,Morocco
MA,1995,54.0,Morocco
MA,1996,55.0,Morocco
MA,1997,55.0,Morocco
MA,2000,457.0,Morocco
MA,2001,737.0,Morocco
MA,2002,427.0,Morocco
MA,2003,479.0,Morocco
MA,2004,268.0,Morocco
MA,2005,1407.0,Morocco
MA,2006,1231.0,Morocco
MA,2007,880.0,Morocco
MA,2008,782.0,Morocco
MA,2009,707.0,Morocco
MA,2010,710.0,Morocco
MA,2011,957.0,Morocco
MA,2012,2382.0,Morocco
MA,2013,4139.0,Morocco
MA,2014,2293.0,Morocco
MA,2015,4874.0,Morocco
MA,2016,6104.0,Morocco
MC,2010,1.0,Monaco
MD,1997,1278.0,Rep. of Moldova
MD,1998,1278.0,Rep. of Moldova
MD,1999,8088.0,Rep. of Moldova
MD,2000,8338.0,Rep. of Moldova
MD,2001,1279.0,Rep. of Moldova
MD,2002,1262.0,Rep. of Moldova
MD,2003,260.0,Rep. of Moldova
MD,2004,253.0,Rep. of Moldova
MD,2005,1746.0,Rep. of Moldova
MD,2006,1928.0,Rep. of Moldova
MD,2007,1879.0,Rep. of Moldova
MD,2008,1977.0,Rep. of Moldova
MD,2009,2195.0,Rep. of Moldova
MD,2010,2246.0,Rep. of Moldova
MD,2011,2256.0,Rep. of Moldova
MD,2012,2243.0,Rep. of Moldova
MD,2013,2355.0,Rep. of Moldova
MD,2014,473.0,Rep. of Moldova
MD,2015,550.0,Rep. of Moldova
MD,2016,441.0,Rep. of Moldova
ME,2006,23357.0,Montenegro
ME,2007,24829.0,Montenegro
ME,2008,10036.0,Montenegro
ME,2009,9331.0,Montenegro
ME,2010,7007.0,Montenegro
ME,2011,10486.0,Montenegro
ME,2012,9698.0,Montenegro
ME,2013,9716.0,Montenegro
ME,2014,895.0,Montenegro
ME,2015,180.0,Montenegro
ME,2016,135.0,Montenegro
MG,1994,65.0,Madagascar
MG,2000,39.0,Madagascar
MG,2001,15.0,Madagascar
MG,2002,4.0,Madagascar
MG,2010,1.0,Madagascar
MG,2011,6.0,Madagascar
MG,2012,6.0,Madagascar
MG,2013,9.0,Madagascar
MG,2014,15.0,Madagascar
MG,2015,19.0,Madagascar
MG,2016,34.0,Madagascar
ML,1986,50.0,Mali
ML,1987,50.0,Mali
ML,1988,50.0,Mali
ML,1989,50.0,Mali
ML,1990,13250.0,Mali
ML,1991,13216.0,Mali
ML,1992,13076.0,Mali
ML,1994,3000.0,Mali
ML,1995,17878.0,Mali
ML,1996,18363.0,Mali
ML,1997,18134.0,Mali
ML,1998,14468.0,Mali
ML,1999,8106.0,Mali
ML,2000,8783.0,Mali
ML,2001,8854.0,Mali
ML,2002,9505.0,Mali
ML,2003,10563.0,Mali
ML,2004,12082.0,Mali
ML,2005,12702.0,Mali
ML,2006,12109.0,Mali
ML,2007,10738.0,Mali
ML,2008,11166.0,Mali
ML,2009,14933.0,Mali
ML,2010,14924.0,Mali
ML,2011,17762.0,Mali
ML,2012,242015.0,Mali
ML,2013,311367.0,Mali
ML,2014,270307.0,Mali
ML,2015,131421.0,Mali
ML,2016,90310.0,Mali
MN,2005,583.0,Mongolia
MN,2006,588.0,Mongolia
MN,2007,83.0,Mongolia
MN,2008,369.0,Mongolia
MN,2009,386.0,Mongolia
MN,2010,273.0,Mongolia
MN,2011,298.0,Mongolia
MN,2012,233.0,Mongolia
MN,2013,29.0,Mongolia
MN,2014,15.0,Mongolia
MN,2015,15.0,Mongolia
MR,1989,15000.0,Mauritania
MR,1990,60000.0,Mauritania
MR,1991,35200.0,Mauritania
MR,1992,37500.0,Mauritania
MR,1993,51548.0,Mauritania
MR,1994,82229.0,Mauritania
MR,1995,38994.0,Mauritania
MR,1996,34395.0,Mauritania
MR,1997,21356.0,Mauritania
MR,1998,4366.0,Mauritania
MR,1999,30137.0,Mauritania
MR,2000,29873.0,Mauritania
MR,2001,29880.0,Mauritania
MR,2002,29905.0,Mauritania
MR,2003,30018.0,Mauritania
MR,2004,30113.0,Mauritania
MR,2005,30163.0,Mauritania
MR,2006,30293.0,Mauritania
MR,2007,30415.0,Mauritania
MR,2008,27009.0,Mauritania
MR,2009,26793.0,Mauritania
MR,2010,26775.0,Mauritania
MR,2011,26679.0,Mauritania
MR,2012,81020.0,Mauritania
MR,2013,97347.0,Mauritania
MR,2014,80483.0,Mauritania
MR,2015,78276.0,Mauritania
MR,2016,77388.0,Mauritania
MS,2010,14.0,Montserrat
MS,2011,5.0,Montserrat
MS,2012,5.0,Montserrat
MT,1993,155.0,Malta
MT,1994,370.0,Malta
MT,1995,284.0,Malta
MT,1996,327.0,Malta
MT,1997,240.0,Malta
MT,1998,171.0,Malta
MT,1999,135.0,Malta
MT,2000,108.0,Malta
MT,2001,192.0,Malta
MT,2002,264.0,Malta
MT,2003,480.0,Malta
MT,2004,893.0,Malta
MT,2005,1304.0,Malta
MT,2006,1849.0,Malta
MT,2007,2847.0,Malta
MT,2008,4102.0,Malta
MT,2009,7005.0,Malta
MT,2010,6664.0,Malta
MT,2011,7652.0,Malta
MT,2012,8305.0,Malta
MT,2013,10155.0,Malta
MT,2014,5571.0,Malta
MT,2015,6933.0,Malta
MT,2016,8011.0,Malta
MW,1986,100000.0,Malawi
MW,1987,443940.0,Malawi
MW,1988,632143.0,Malawi
MW,1989,826023.0,Malawi
MW,1990,927235.0,Malawi
MW,1991,981812.0,Malawi
MW,1992,1058492.0,Malawi
MW,1993,1058654.0,Malawi
MW,1994,713406.0,Malawi
MW,1995,716.0,Malawi
MW,1996,895.0,Malawi
MW,1997,199.0,Malawi
MW,1998,932.0,Malawi
MW,1999,1200.0,Malawi
MW,2000,2729.0,Malawi
MW,2001,4689.0,Malawi
MW,2002,10563.0,Malawi
MW,2003,9095.0,Malawi
MW,2004,4982.0,Malawi
MW,2005,7251.0,Malawi
MW,2006,7203.0,Malawi
MW,2007,7068.0,Malawi
MW,2008,7395.0,Malawi
MW,2009,6561.0,Malawi
MW,2010,10352.0,Malawi
MW,2011,8961.0,Malawi
MW,2012,8888.0,Malawi
MW,2013,8792.0,Malawi
MW,2014,10507.0,Malawi
MW,2015,11593.0,Malawi
MW,2016,20995.0,Malawi
MX,1985,165000.0,Mexico
MX,1986,165100.0,Mexico
MX,1987,166090.0,Mexico
MX,1988,166758.0,Mexico
MX,1989,47397.0,Mexico
MX,1990,50515.0,Mexico
MX,1991,54670.0,Mexico
MX,1992,55993.0,Mexico
MX,1993,57750.0,Mexico
MX,1994,53749.0,Mexico
MX,1995,48055.0,Mexico
MX,1996,39802.0,Mexico
MX,1997,35431.0,Mexico
MX,1998,32130.0,Mexico
MX,1999,26459.0,Mexico
MX,2000,18448.0,Mexico
MX,2001,15403.0,Mexico
MX,2002,12938.0,Mexico
MX,2003,6185.0,Mexico
MX,2004,4471.0,Mexico
MX,2005,3315.0,Mexico
MX,2006,3379.0,Mexico
MX,2007,1589.0,Mexico
MX,2008,999.0,Mexico
MX,2009,1232.0,Mexico
MX,2010,1463.0,Mexico
MX,2011,2191.0,Mexico
MX,2012,1772.0,Mexico
MX,2013,3071.0,Mexico
MX,2014,4577.0,Mexico
MX,2015,4136.0,Mexico
MX,2016,8625.0,Mexico
MY,1985,96850.0,Malaysia
MY,1986,90000.0,Malaysia
MY,1987,90300.0,Malaysia
MY,1988,90160.0,Malaysia
MY,1989,90000.0,Malaysia
MY,1993,135.0,Malaysia
MY,1994,154.0,Malaysia
MY,1995,140.0,Malaysia
MY,1996,304.0,Malaysia
MY,1997,168.0,Malaysia
MY,1998,45500.0,Malaysia
MY,1999,45374.0,Malaysia
MY,2000,45435.0,Malaysia
MY,2001,45451.0,Malaysia
MY,2002,46629.0,Malaysia
MY,2003,62670.0,Malaysia
MY,2004,78038.0,Malaysia
MY,2005,83511.0,Malaysia
MY,2006,79225.0,Malaysia
MY,2007,107289.0,Malaysia
MY,2008,106548.0,Malaysia
MY,2009,107729.0,Malaysia
MY,2010,127719.0,Malaysia
MY,2011,128588.0,Malaysia
MY,2012,128725.0,Malaysia
MY,2013,129134.0,Malaysia
MY,2014,90057.0,Malaysia
MY,2015,91263.0,Malaysia
MY,2016,92045.0,Malaysia
MZ,1985,730.0,Mozambique
MZ,1986,610.0,Mozambique
MZ,1987,410.0,Mozambique
MZ,1988,350.0,Mozambique
MZ,1989,350.0,Mozambique
MZ,1990,420.0,Mozambique
MZ,1991,420.0,Mozambique
MZ,1992,190.0,Mozambique
MZ,1993,202.0,Mozambique
MZ,1994,309.0,Mozambique
MZ,1995,127.0,Mozambique
MZ,1996,188.0,Mozambique
MZ,1997,77.0,Mozambique
MZ,1998,62.0,Mozambique
MZ,1999,194.0,Mozambique
MZ,2000,1213.0,Mozambique
MZ,2001,2162.0,Mozambique
MZ,2002,2759.0,Mozambique
MZ,2003,3428.0,Mozambique
MZ,2004,2497.0,Mozambique
MZ,2005,2134.0,Mozambique
MZ,2006,2378.0,Mozambique
MZ,2007,2746.0,Mozambique
MZ,2008,3326.0,Mozambique
MZ,2009,3437.0,Mozambique
MZ,2010,4739.0,Mozambique
MZ,2011,6879.0,Mozambique
MZ,2012,5964.0,Mozambique
MZ,2013,7396.0,Mozambique
MZ,2014,9039.0,Mozambique
MZ,2015,11533.0,Mozambique
MZ,2016,24907.0,Mozambique
NE,1990,775.0,Niger
NE,1991,3545.0,Niger
NE,1992,3877.0,Niger
NE,1993,16691.0,Niger
NE,1994,15023.0,Niger
NE,1995,28446.0,Niger
NE,1996,27748.0,Niger
NE,1997,8604.0,Niger
NE,1998,7624.0,Niger
NE,1999,6402.0,Niger
NE,2000,179.0,Niger
NE,2001,184.0,Niger
NE,2002,225.0,Niger
NE,2003,268.0,Niger
NE,2004,269.0,Niger
NE,2005,272.0,Niger
NE,2006,237.0,Niger
NE,2007,235.0,Niger
NE,2008,243.0,Niger
NE,2009,258.0,Niger
NE,2010,247.0,Niger
NE,2011,354.0,Niger
NE,2012,50547.0,Niger
NE,2013,98524.0,Niger
NE,2014,154163.0,Niger
NE,2015,333191.0,Niger
NE,2016,304581.0,Niger
NG,1985,5690.0,Nigeria
NG,1986,4690.0,Nigeria
NG,1987,6190.0,Nigeria
NG,1988,5173.0,Nigeria
NG,1989,4711.0,Nigeria
NG,1990,5201.0,Nigeria
NG,1991,3503.0,Nigeria
NG,1992,4552.0,Nigeria
NG,1993,4788.0,Nigeria
NG,1994,6138.0,Nigeria
NG,1995,8099.0,Nigeria
NG,1996,8362.0,Nigeria
NG,1997,9273.0,Nigeria
NG,1998,7354.0,Nigeria
NG,1999,6714.0,Nigeria
NG,2000,6919.0,Nigeria
NG,2001,7257.0,Nigeria
NG,2002,7579.0,Nigeria
NG,2003,10247.0,Nigeria
NG,2004,10279.0,Nigeria
NG,2005,11844.0,Nigeria
NG,2006,9235.0,Nigeria
NG,2007,8435.0,Nigeria
NG,2008,10207.0,Nigeria
NG,2009,8610.0,Nigeria
NG,2010,8653.0,Nigeria
NG,2011,8645.0,Nigeria
NG,2012,2884.0,Nigeria
NG,2013,1453.0,Nigeria
NG,2014,1189610.0,Nigeria
NG,2015,2173588.0,Nigeria
NG,2016,2910329.0,Nigeria
NI,1985,17890.0,Nicaragua
NI,1986,8550.0,Nicaragua
NI,1987,9210.0,Nicaragua
NI,1988,9074.0,Nicaragua
NI,1989,7440.0,Nicaragua
NI,1990,7504.0,Nicaragua
NI,1991,7368.0,Nicaragua
NI,1992,6288.0,Nicaragua
NI,1993,5847.0,Nicaragua
NI,1994,444.0,Nicaragua
NI,1995,602.0,Nicaragua
NI,1996,572.0,Nicaragua
NI,1997,476.0,Nicaragua
NI,1998,469.0,Nicaragua
NI,1999,468.0,Nicaragua
NI,2000,368.0,Nicaragua
NI,2001,346.0,Nicaragua
NI,2002,341.0,Nicaragua
NI,2003,317.0,Nicaragua
NI,2004,293.0,Nicaragua
NI,2005,228.0,Nicaragua
NI,2006,206.0,Nicaragua
NI,2007,207.0,Nicaragua
NI,2008,147.0,Nicaragua
NI,2009,121.0,Nicaragua
NI,2010,71.0,Nicaragua
NI,2011,89.0,Nicaragua
NI,2012,134.0,Nicaragua
NI,2013,208.0,Nicaragua
NI,2014,339.0,Nicaragua
NI,2015,462.0,Nicaragua
NI,2016,653.0,Nicaragua
NL,1992,16911.0,Netherlands
NL,1993,26439.0,Netherlands
NL,1994,42078.0,Netherlands
NL,1995,58035.0,Netherlands
NL,1996,78256.0,Netherlands
NL,1997,92312.0,Netherlands
NL,1998,105938.0,Netherlands
NL,1999,112956.0,Netherlands
NL,2000,190561.0,Netherlands
NL,2001,192431.0,Netherlands
NL,2002,173368.0,Netherlands
NL,2003,157552.0,Netherlands
NL,2004,134000.0,Netherlands
NL,2005,121696.0,Netherlands
NL,2006,101813.0,Netherlands
NL,2007,79771.0,Netherlands
NL,2008,71261.0,Netherlands
NL,2009,85725.0,Netherlands
NL,2010,77869.0,Netherlands
NL,2011,75384.0,Netherlands
NL,2012,72741.0,Netherlands
NL,2013,65681.0,Netherlands
NL,2014,75327.0,Netherlands
NL,2015,99390.0,Netherlands
NL,2016,96075.0,Netherlands
NO,1993,1.0,Norway
NO,1995,4.0,Norway
NO,1996,844.0,Norway
NO,1997,21543.0,Norway
NO,1998,24128.0,Norway
NO,1999,29760.0,Norway
NO,2000,34450.0,Norway
NO,2001,35843.0,Norway
NO,2002,37219.0,Norway
NO,2003,30939.0,Norway
NO,2004,33696.0,Norway
NO,2005,33433.0,Norway
NO,2006,40020.0,Norway
NO,2007,35455.0,Norway
NO,2008,43105.0,Norway
NO,2009,48315.0,Norway
NO,2010,47015.0,Norway
NO,2011,47878.0,Norway
NO,2012,48296.0,Norway
NO,2013,48460.0,Norway
NO,2014,48404.0,Norway
NO,2015,68151.0,Norway
NO,2016,59644.0,Norway
NP,1989,50.0,Nepal
NP,1990,1470.0,Nepal
NP,1991,9519.0,Nepal
NP,1992,77911.0,Nepal
NP,1993,85350.0,Nepal
NP,1994,103270.0,Nepal
NP,1995,104749.0,Nepal
NP,1996,106810.0,Nepal
NP,1997,108686.0,Nepal
NP,1998,105670.0,Nepal
NP,1999,107591.0,Nepal
NP,2000,108929.0,Nepal
NP,2001,110815.0,Nepal
NP,2002,112295.0,Nepal
NP,2003,113895.0,Nepal
NP,2004,115570.0,Nepal
NP,2005,517540.0,Nepal
NP,2006,3619478.0,Nepal
NP,2007,1012141.0,Nepal
NP,2008,905788.0,Nepal
NP,2009,889403.0,Nepal
NP,2010,876138.0,Nepal
NP,2011,858959.0,Nepal
NP,2012,41676.0,Nepal
NP,2013,31849.0,Nepal
NP,2014,23880.0,Nepal
NP,2015,17889.0,Nepal
NP,2016,12438.0,Nepal
NR,2012,348.0,Nauru
NR,2013,435.0,Nauru
NR,2014,547.0,Nauru
NR,2015,321.0,Nauru
NR,2016,279.0,Nauru
NZ,1993,8.0,New Zealand
NZ,1995,2163.0,New Zealand
NZ,1996,2438.0,New Zealand
NZ,1997,2460.0,New Zealand
NZ,1998,2868.0,New Zealand
NZ,1999,2960.0,New Zealand
NZ,2000,2963.0,New Zealand
NZ,2001,2878.0,New Zealand
NZ,2002,3332.0,New Zealand
NZ,2003,4092.0,New Zealand
NZ,2004,4449.0,New Zealand
NZ,2005,4474.0,New Zealand
NZ,2006,3717.0,New Zealand
NZ,2007,1406.0,New Zealand
NZ,2008,1495.0,New Zealand
NZ,2009,2482.0,New Zealand
NZ,2010,1745.0,New Zealand
NZ,2011,1508.0,New Zealand
NZ,2012,1342.0,New Zealand
NZ,2013,1097.0,New Zealand
NZ,2014,1412.0,New Zealand
NZ,2015,1193.0,New Zealand
NZ,2016,1045.0,New Zealand
OM,2000,2.0,Oman
OM,2001,22.0,Oman
OM,2002,24.0,Oman
OM,2003,23.0,Oman
OM,2004,30.0,Oman
OM,2005,10.0,Oman
OM,2006,11.0,Oman
OM,2007,45.0,Oman
OM,2008,52.0,Oman
OM,2009,38.0,Oman
OM,2010,91.0,Oman
OM,2011,346.0,Oman
OM,2012,413.0,Oman
OM,2013,467.0,Oman
OM,2014,414.0,Oman
OM,2015,456.0,Oman
OM,2016,676.0,Oman
PA,1985,900.0,Panama
PA,1986,1020.0,Panama
PA,1987,1300.0,Panama
PA,1988,1671.0,Panama
PA,1989,1240.0,Panama
PA,1990,1190.0,Panama
PA,1991,1360.0,Panama
PA,1992,759.0,Panama
PA,1993,748.0,Panama
PA,1994,927.0,Panama
PA,1995,25.0,Panama
PA,1996,633.0,Panama
PA,1997,616.0,Panama
PA,1998,1182.0,Panama
PA,1999,1356.0,Panama
PA,2000,1660.0,Panama
PA,2001,1601.0,Panama
PA,2002,1753.0,Panama
PA,2003,1935.0,Panama
PA,2004,1925.0,Panama
PA,2005,8065.0,Panama
PA,2006,2092.0,Panama
PA,2007,17424.0,Panama
PA,2008,17518.0,Panama
PA,2009,17732.0,Panama
PA,2010,17547.0,Panama
PA,2011,18048.0,Panama
PA,2012,17784.0,Panama
PA,2013,18285.0,Panama
PA,2014,18660.0,Panama
PA,2015,20243.0,Panama
PA,2016,21732.0,Panama
PE,1985,390.0,Peru
PE,1986,370.0,Peru
PE,1987,420.0,Peru
PE,1993,515.0,Peru
PE,1994,567.0,Peru
PE,1995,542.0,Peru
PE,1996,620.0,Peru
PE,1997,508.0,Peru
PE,1998,299.0,Peru
PE,1999,508.0,Peru
PE,2000,508.0,Peru
PE,2001,580.0,Peru
PE,2002,662.0,Peru
PE,2003,736.0,Peru
PE,2004,841.0,Peru
PE,2005,1028.0,Peru
PE,2006,1232.0,Peru
PE,2007,1384.0,Peru
PE,2008,1496.0,Peru
PE,2009,1340.0,Peru
PE,2010,1272.0,Peru
PE,2011,1507.0,Peru
PE,2012,1483.0,Peru
PE,2013,1552.0,Peru
PE,2014,1577.0,Peru
PE,2015,1743.0,Peru
PE,2016,5807.0,Peru
PG,1985,11820.0,Papua New Guinea
PG,1986,12420.0,Papua New Guinea
PG,1987,10950.0,Papua New Guinea
PG,1988,9691.0,Papua New Guinea
PG,1989,7795.0,Papua New Guinea
PG,1990,8070.0,Papua New Guinea
PG,1991,6629.0,Papua New Guinea
PG,1992,6679.0,Papua New Guinea
PG,1993,7902.0,Papua New Guinea
PG,1994,8647.0,Papua New Guinea
PG,1995,9601.0,Papua New Guinea
PG,1996,10201.0,Papua New Guinea
PG,1997,8198.0,Papua New Guinea
PG,1998,8198.0,Papua New Guinea
PG,1999,6665.0,Papua New Guinea
PG,2000,6665.0,Papua New Guinea
PG,2001,4941.0,Papua New Guinea
PG,2002,5241.0,Papua New Guinea
PG,2003,7793.0,Papua New Guinea
PG,2004,7957.0,Papua New Guinea
PG,2005,10134.0,Papua New Guinea
PG,2006,10182.0,Papua New Guinea
PG,2007,10009.0,Papua New Guinea
PG,2008,10007.0,Papua New Guinea
PG,2009,10011.0,Papua New Guinea
PG,2010,9696.0,Papua New Guinea
PG,2011,9375.0,Papua New Guinea
PG,2012,9531.0,Papua New Guinea
PG,2013,9610.0,Papua New Guinea
PG,2014,9775.0,Papua New Guinea
PG,2015,9565.0,Papua New Guinea
PG,2016,9464.0,Papua New Guinea
PH,1985,3150.0,Philippines
PH,1986,790.0,Philippines
PH,1990,80.0,Philippines
PH,1993,196.0,Philippines
PH,1994,1.0,Philippines
PH,1995,147.0,Philippines
PH,1996,144.0,Philippines
PH,1997,150.0,Philippines
PH,1998,151.0,Philippines
PH,1999,113.0,Philippines
PH,2000,136.0,Philippines
PH,2001,119.0,Philippines
PH,2002,109.0,Philippines
PH,2003,83.0,Philippines
PH,2004,80.0,Philippines
PH,2005,80.0,Philippines
PH,2006,71.0,Philippines
PH,2007,72.0,Philippines
PH,2008,112.0,Philippines
PH,2009,77.0,Philippines
PH,2010,139587.0,Philippines
PH,2011,159543.0,Philippines
PH,2012,343470.0,Philippines
PH,2013,335147.0,Philippines
PH,2014,241364.0,Philippines
PH,2015,318373.0,Philippines
PH,2016,343439.0,Philippines
PK,1985,2729910.0,Pakistan
PK,1986,2878100.0,Pakistan
PK,1987,3156000.0,Pakistan
PK,1988,3254633.0,Pakistan
PK,1989,3273990.0,Pakistan
PK,1990,3273990.0,Pakistan
PK,1991,3274650.0,Pakistan
PK,1992,2988760.0,Pakistan
PK,1993,1479038.0,Pakistan
PK,1994,1157832.0,Pakistan
PK,1995,1355462.0,Pakistan
PK,1996,1342517.0,Pakistan
PK,1997,1286478.0,Pakistan
PK,1998,1294918.0,Pakistan
PK,1999,1293326.0,Pakistan
PK,2000,2078028.0,Pakistan
PK,2001,2206995.0,Pakistan
PK,2002,2798193.0,Pakistan
PK,2003,1513321.0,Pakistan
PK,2004,1723442.0,Pakistan
PK,2005,1549026.0,Pakistan
PK,2006,1189955.0,Pakistan
PK,2007,2403641.0,Pakistan
PK,2008,2213712.0,Pakistan
PK,2009,4795231.0,Pakistan
PK,2010,4150891.0,Pakistan
PK,2011,2829606.0,Pakistan
PK,2012,2539259.0,Pakistan
PK,2013,2491169.0,Pakistan
PK,2014,2975667.0,Pakistan
PK,2015,3448440.0,Pakistan
PK,2016,2891894.0,Pakistan
PL,1993,589.0,Poland
PL,1997,793.0,Poland
PL,1998,843.0,Poland
PL,1999,880.0,Poland
PL,2000,952.0,Poland
PL,2001,1236.0,Poland
PL,2002,4035.0,Poland
PL,2003,3223.0,Poland
PL,2004,5940.0,Poland
PL,2005,6204.0,Poland
PL,2006,8732.0,Poland
PL,2007,15964.0,Poland
PL,2008,17908.0,Poland
PL,2009,18472.0,Poland
PL,2010,18299.0,Poland
PL,2011,19330.0,Poland
PL,2012,28976.0,Poland
PL,2013,29246.0,Poland
PL,2014,18253.0,Poland
PL,2015,17178.0,Poland
PL,2016,14887.0,Poland
PT,1996,182.0,Portugal
PT,1997,190.0,Portugal
PT,1998,180.0,Portugal
PT,1999,290.0,Portugal
PT,2000,292.0,Portugal
PT,2001,317.0,Portugal
PT,2002,329.0,Portugal
PT,2003,304.0,Portugal
PT,2004,309.0,Portugal
PT,2005,277.0,Portugal
PT,2006,252.0,Portugal
PT,2007,270.0,Portugal
PT,2008,616.0,Portugal
PT,2009,371.0,Portugal
PT,2010,402.0,Portugal
PT,2011,548.0,Portugal
PT,2012,1116.0,Portugal
PT,2013,1229.0,Portugal
PT,2014,904.0,Portugal
PT,2015,1292.0,Portugal
PT,2016,1788.0,Portugal
PW,2011,2.0,Palau
PW,2012,3.0,Palau
PW,2013,1.0,Palau
PW,2014,1.0,Palau
PY,1993,21.0,Paraguay
PY,1994,29.0,Paraguay
PY,1995,27.0,Paraguay
PY,1996,27.0,Paraguay
PY,1997,17.0,Paraguay
PY,1998,16.0,Paraguay
PY,1999,11.0,Paraguay
PY,2000,16.0,Paraguay
PY,2001,26.0,Paraguay
PY,2002,18.0,Paraguay
PY,2003,25.0,Paraguay
PY,2004,39.0,Paraguay
PY,2005,50.0,Paraguay
PY,2006,53.0,Paraguay
PY,2007,68.0,Paraguay
PY,2008,71.0,Paraguay
PY,2009,85.0,Paraguay
PY,2010,107.0,Paraguay
PY,2011,125.0,Paraguay
PY,2012,135.0,Paraguay
PY,2013,129.0,Paraguay
PY,2014,159.0,Paraguay
PY,2015,206.0,Paraguay
PY,2016,219.0,Paraguay
QA,1985,200.0,Qatar
QA,1999,6.0,Qatar
QA,2000,34.0,Qatar
QA,2001,70.0,Qatar
QA,2002,54.0,Qatar
QA,2003,79.0,Qatar
QA,2004,6061.0,Qatar
QA,2005,66.0,Qatar
QA,2006,74.0,Qatar
QA,2007,83.0,Qatar
QA,2008,1249.0,Qatar
QA,2009,1237.0,Qatar
QA,2010,1267.0,Qatar
QA,2011,1329.0,Qatar
QA,2012,1336.0,Qatar
QA,2013,1341.0,Qatar
QA,2014,221.0,Qatar
QA,2015,250.0,Qatar
QA,2016,309.0,Qatar
RO,1991,530.0,Romania
RO,1992,750.0,Romania
RO,1993,1032.0,Romania
RO,1994,1032.0,Romania
RO,1995,141.0,Romania
RO,1996,180.0,Romania
RO,1997,572.0,Romania
RO,1998,825.0,Romania
RO,1999,1036.0,Romania
RO,2000,1124.0,Romania
RO,2001,1203.0,Romania
RO,2002,1283.0,Romania
RO,2003,1628.0,Romania
RO,2004,1551.0,Romania
RO,2005,2010.0,Romania
RO,2006,1400.0,Romania
RO,2007,1548.0,Romania
RO,2008,1579.0,Romania
RO,2009,1591.0,Romania
RO,2010,1491.0,Romania
RO,2011,1923.0,Romania
RO,2012,1430.0,Romania
RO,2013,1994.0,Romania
RO,2014,2318.0,Romania
RO,2015,2772.0,Romania
RO,2016,2677.0,Romania
RU,1993,120.0,Russian Federation
RU,1994,90878.0,Russian Federation
RU,1995,128100.0,Russian Federation
RU,1996,408051.0,Russian Federation
RU,1997,1531717.0,Russian Federation
RU,1998,1108316.0,Russian Federation
RU,1999,1432334.0,Russian Federation
RU,2000,1329249.0,Russian Federation
RU,2001,1122647.0,Russian Federation
RU,2002,955807.0,Russian Federation
RU,2003,788982.0,Russian Federation
RU,2004,659523.0,Russian Federation
RU,2005,477276.0,Russian Federation
RU,2006,448530.0,Russian Federation
RU,2007,246269.0,Russian Federation
RU,2008,147728.0,Russian Federation
RU,2009,137274.0,Russian Federation
RU,2010,132411.0,Russian Federation
RU,2011,221612.0,Russian Federation
RU,2012,190931.0,Russian Federation
RU,2013,189801.0,Russian Federation
RU,2014,238774.0,Russian Federation
RU,2015,316441.0,Russian Federation
RU,2016,231791.0,Russian Federation
RW,1985,48610.0,Rwanda
RW,1986,19400.0,Rwanda
RW,1987,19470.0,Rwanda
RW,1988,75197.0,Rwanda
RW,1989,23370.0,Rwanda
RW,1990,23907.0,Rwanda
RW,1991,34586.0,Rwanda
RW,1992,34833.0,Rwanda
RW,1993,250000.0,Rwanda
RW,1994,306000.0,Rwanda
RW,1995,4630.0,Rwanda
RW,1996,9766.0,Rwanda
RW,1997,34530.0,Rwanda
RW,1998,628519.0,Rwanda
RW,1999,626505.0,Rwanda
RW,2000,1678.0,Rwanda
RW,2001,2341.0,Rwanda
RW,2002,2366.0,Rwanda
RW,2003,3055.0,Rwanda
RW,2004,5985.0,Rwanda
RW,2005,9084.0,Rwanda
RW,2006,4104.0,Rwanda
RW,2007,3098.0,Rwanda
RW,2008,2811.0,Rwanda
RW,2009,3204.0,Rwanda
RW,2010,406.0,Rwanda
RW,2011,406.0,Rwanda
RW,2012,478.0,Rwanda
RW,2013,429.0,Rwanda
RW,2014,577.0,Rwanda
RW,2015,71710.0,Rwanda
RW,2016,84248.0,Rwanda
SA,1985,130000.0,Saudi Arabia
SA,1986,152100.0,Saudi Arabia
SA,1991,35727.0,Saudi Arabia
SA,1992,28204.0,Saudi Arabia
SA,1993,24025.0,Saudi Arabia
SA,1994,17965.0,Saudi Arabia
SA,1995,13689.0,Saudi Arabia
SA,1996,9892.0,Saudi Arabia
SA,1997,5833.0,Saudi Arabia
SA,1998,5625.0,Saudi Arabia
SA,1999,5664.0,Saudi Arabia
SA,2000,5501.0,Saudi Arabia
SA,2001,5678.0,Saudi Arabia
SA,2002,5454.0,Saudi Arabia
SA,2003,5432.0,Saudi Arabia
SA,2004,1182.0,Saudi Arabia
SA,2005,70972.0,Saudi Arabia
SA,2006,71132.0,Saudi Arabia
SA,2007,71014.0,Saudi Arabia
SA,2008,70857.0,Saudi Arabia
SA,2009,70653.0,Saudi Arabia
SA,2010,70643.0,Saudi Arabia
SA,2011,70828.0,Saudi Arabia
SA,2012,71003.0,Saudi Arabia
SA,2013,70635.0,Saudi Arabia
SA,2014,694.0,Saudi Arabia
SA,2015,216.0,Saudi Arabia
SA,2016,172.0,Saudi Arabia
SB,1995,2000.0,Solomon Islands
SB,1996,2000.0,Solomon Islands
SB,1997,800.0,Solomon Islands
SB,1998,210.0,Solomon Islands
SB,2012,3.0,Solomon Islands
SB,2013,3.0,Solomon Islands
SB,2014,3.0,Solomon Islands
SB,2015,3.0,Solomon Islands
SD,1985,1343760.0,Sudan
SD,1986,1159000.0,Sudan
SD,1987,897460.0,Sudan
SD,1988,823500.0,Sudan
SD,1989,783119.0,Sudan
SD,1990,1027050.0,Sudan
SD,1991,826450.0,Sudan
SD,1992,801800.0,Sudan
SD,1993,762500.0,Sudan
SD,1994,747872.0,Sudan
SD,1995,363803.0,Sudan
SD,1996,407155.0,Sudan
SD,1997,371884.0,Sudan
SD,1998,395818.0,Sudan
SD,1999,383187.0,Sudan
SD,2000,470615.0,Sudan
SD,2001,391319.0,Sudan
SD,2002,370978.0,Sudan
SD,2003,168772.0,Sudan
SD,2004,848630.0,Sudan
SD,2005,1022821.0,Sudan
SD,2006,1534615.0,Sudan
SD,2007,1562141.0,Sudan
SD,2008,1402882.0,Sudan
SD,2009,1373124.0,Sudan
SD,2010,1930181.0,Sudan
SD,2011,2847079.0,Sudan
SD,2012,2126924.0,Sudan
SD,2013,2065379.0,Sudan
SD,2014,2366141.0,Sudan
SD,2015,3497754.0,Sudan
SD,2016,2364906.0,Sudan
SE,1990,60977.0,Sweden
SE,1991,71235.0,Sweden
SE,1992,75617.0,Sweden
SE,1993,106777.0,Sweden
SE,1994,129823.0,Sweden
SE,1995,130556.0,Sweden
SE,1996,127468.0,Sweden
SE,1997,127384.0,Sweden
SE,1998,124734.0,Sweden
SE,1999,112834.0,Sweden
SE,2000,111156.0,Sweden
SE,2001,103694.0,Sweden
SE,2002,127100.0,Sweden
SE,2003,99150.0,Sweden
SE,2004,69077.0,Sweden
SE,2005,66011.0,Sweden
SE,2006,75025.0,Sweden
SE,2007,85960.0,Sweden
SE,2008,86152.0,Sweden
SE,2009,90322.0,Sweden
SE,2010,90285.0,Sweden
SE,2011,98526.0,Sweden
SE,2012,109073.0,Sweden
SE,2013,140286.0,Sweden
SE,2014,168143.0,Sweden
SE,2015,286119.0,Sweden
SE,2016,273546.0,Sweden
SG,1993,19.0,Singapore
SG,1994,9.0,Singapore
SG,1995,10.0,Singapore
SG,1996,7.0,Singapore
SG,1999,4.0,Singapore
SG,2001,4.0,Singapore
SG,2002,2.0,Singapore
SG,2003,2.0,Singapore
SG,2004,2.0,Singapore
SG,2005,3.0,Singapore
SG,2006,9.0,Singapore
SG,2007,21.0,Singapore
SG,2008,3.0,Singapore
SG,2009,2.0,Singapore
SG,2010,2.0,Singapore
SG,2011,2.0,Singapore
SG,2012,2.0,Singapore
SG,2013,2.0,Singapore
SG,2014,1.0,Singapore
SG,2015,1.0,Singapore
SI,1992,113760.0,Slovenia
SI,1993,45000.0,Slovenia
SI,1994,29156.0,Slovenia
SI,1995,18812.0,Slovenia
SI,1996,10011.0,Slovenia
SI,1997,6738.0,Slovenia
SI,1998,4013.0,Slovenia
SI,1999,3273.0,Slovenia
SI,2000,5634.0,Slovenia
SI,2001,3130.0,Slovenia
SI,2002,661.0,Slovenia
SI,2003,2781.0,Slovenia
SI,2004,1031.0,Slovenia
SI,2005,750.0,Slovenia
SI,2006,4409.0,Slovenia
SI,2007,4354.0,Slovenia
SI,2008,4364.0,Slovenia
SI,2009,4376.0,Slovenia
SI,2010,4509.0,Slovenia
SI,2011,163.0,Slovenia
SI,2012,210.0,Slovenia
SI,2013,154.0,Slovenia
SI,2014,227.0,Slovenia
SI,2015,262.0,Slovenia
SI,2016,543.0,Slovenia
SK,1995,352.0,Slovakia
SK,1996,478.0,Slovakia
SK,1997,380.0,Slovakia
SK,1998,368.0,Slovakia
SK,1999,385.0,Slovakia
SK,2000,766.0,Slovakia
SK,2001,3487.0,Slovakia
SK,2002,4729.0,Slovakia
SK,2003,4872.0,Slovakia
SK,2004,3046.0,Slovakia
SK,2005,2875.0,Slovakia
SK,2006,2815.0,Slovakia
SK,2007,1277.0,Slovakia
SK,2008,1174.0,Slovakia
SK,2009,1241.0,Slovakia
SK,2010,1292.0,Slovakia
SK,2011,575.0,Slovakia
SK,2012,2108.0,Slovakia
SK,2013,2287.0,Slovakia
SK,2014,725.0,Slovakia
SK,2015,842.0,Slovakia
SK,2016,938.0,Slovakia
SL,1985,160.0,Sierra Leone
SL,1986,170.0,Sierra Leone
SL,1987,150.0,Sierra Leone
SL,1988,60.0,Sierra Leone
SL,1990,125830.0,Sierra Leone
SL,1991,125820.0,Sierra Leone
SL,1992,5960.0,Sierra Leone
SL,1993,548279.0,Sierra Leone
SL,1994,798173.0,Sierra Leone
SL,1995,661838.0,Sierra Leone
SL,1996,668131.0,Sierra Leone
SL,1997,683509.0,Sierra Leone
SL,1998,680508.0,Sierra Leone
SL,1999,507698.0,Sierra Leone
SL,2000,507004.0,Sierra Leone
SL,2001,10774.0,Sierra Leone
SL,2002,63770.0,Sierra Leone
SL,2003,61334.0,Sierra Leone
SL,2004,80349.0,Sierra Leone
SL,2005,66335.0,Sierra Leone
SL,2006,60687.0,Sierra Leone
SL,2007,26360.0,Sierra Leone
SL,2008,9295.0,Sierra Leone
SL,2009,9327.0,Sierra Leone
SL,2010,8610.0,Sierra Leone
SL,2011,8231.0,Sierra Leone
SL,2012,5303.0,Sierra Leone
SL,2013,2881.0,Sierra Leone
SL,2014,1387.0,Sierra Leone
SL,2015,777.0,Sierra Leone
SL,2016,683.0,Sierra Leone
SN,1985,5350.0,Senegal
SN,1986,5350.0,Senegal
SN,1987,5000.0,Senegal
SN,1988,4999.0,Senegal
SN,1989,53237.0,Senegal
SN,1990,57996.0,Senegal
SN,1991,73199.0,Senegal
SN,1992,72049.0,Senegal
SN,1993,74006.0,Senegal
SN,1994,72969.0,Senegal
SN,1995,68796.0,Senegal
SN,1996,66835.0,Senegal
SN,1997,62233.0,Senegal
SN,1998,66798.0,Senegal
SN,1999,25693.0,Senegal
SN,2000,22834.0,Senegal
SN,2001,22986.0,Senegal
SN,2002,22203.0,Senegal
SN,2003,22525.0,Senegal
SN,2004,22721.0,Senegal
SN,2005,22832.0,Senegal
SN,2006,22725.0,Senegal
SN,2007,22529.0,Senegal
SN,2008,42420.0,Senegal
SN,2009,36447.0,Senegal
SN,2010,23737.0,Senegal
SN,2011,23778.0,Senegal
SN,2012,22273.0,Senegal
SN,2013,16205.0,Senegal
SN,2014,16653.0,Senegal
SN,2015,16951.0,Senegal
SN,2016,17153.0,Senegal
SO,1985,812000.0,Somalia
SO,1986,804430.0,Somalia
SO,1987,870330.0,Somalia
SO,1988,835850.0,Somalia
SO,1989,774330.0,Somalia
SO,1990,460000.0,Somalia
SO,1992,480.0,Somalia
SO,1993,399.0,Somalia
SO,1994,390.0,Somalia
SO,1995,623.0,Somalia
SO,1996,200738.0,Somalia
SO,1997,250631.0,Somalia
SO,1998,51980.0,Somalia
SO,1999,337.0,Somalia
SO,2000,18581.0,Somalia
SO,2001,645.0,Somalia
SO,2002,561.0,Somalia
SO,2003,550.0,Somalia
SO,2004,678.0,Somalia
SO,2005,400584.0,Somalia
SO,2006,401877.0,Somalia
SO,2007,1009601.0,Somalia
SO,2008,1288271.0,Somalia
SO,2009,1576452.0,Somalia
SO,2010,1489813.0,Somalia
SO,2011,1364941.0,Somalia
SO,2012,1153963.0,Somalia
SO,2013,1250064.0,Somalia
SO,2014,1157778.0,Somalia
SO,2015,1156263.0,Somalia
SO,2016,1587005.0,Somalia
SR,1992,52.0,Suriname
SR,1993,52.0,Suriname
SR,1994,50.0,Suriname
SR,1997,11.0,Suriname
SR,2007,1.0,Suriname
SR,2008,1.0,Suriname
SR,2009,1.0,Suriname
SR,2010,8.0,Suriname
SR,2011,3.0,Suriname
SR,2012,3.0,Suriname
SR,2014,2.0,Suriname
SR,2015,5.0,Suriname
SR,2016,38.0,Suriname
SV,1985,210.0,El Salvador
SV,1986,310.0,El Salvador
SV,1987,300.0,El Salvador
SV,1988,600.0,El Salvador
SV,1989,630.0,El Salvador
SV,1990,714.0,El Salvador
SV,1991,563.0,El Salvador
SV,1992,287.0,El Salvador
SV,1993,174.0,El Salvador
SV,1994,163.0,El Salvador
SV,1995,177.0,El Salvador
SV,1996,150.0,El Salvador
SV,1997,107.0,El Salvador
SV,1998,31.0,El Salvador
SV,1999,22.0,El Salvador
SV,2000,69.0,El Salvador
SV,2001,74.0,El Salvador
SV,2002,82.0,El Salvador
SV,2003,249.0,El Salvador
SV,2004,236.0,El Salvador
SV,2005,94.0,El Salvador
SV,2006,39.0,El Salvador
SV,2007,44.0,El Salvador
SV,2008,32.0,El Salvador
SV,2009,87.0,El Salvador
SV,2010,55.0,El Salvador
SV,2011,42.0,El Salvador
SV,2012,44.0,El Salvador
SV,2013,48.0,El Salvador
SV,2014,35.0,El Salvador
SV,2015,10148.0,El Salvador
SV,2016,9836.0,El Salvador
SY,1985,39330.0,Syrian Arab Rep.
SY,1986,630.0,Syrian Arab Rep.
SY,1988,210.0,Syrian Arab Rep.
SY,1990,4125.0,Syrian Arab Rep.
SY,1991,4150.0,Syrian Arab Rep.
SY,1992,6140.0,Syrian Arab Rep.
SY,1993,38443.0,Syrian Arab Rep.
SY,1994,40014.0,Syrian Arab Rep.
SY,1995,35896.0,Syrian Arab Rep.
SY,1996,27774.0,Syrian Arab Rep.
SY,1997,22636.0,Syrian Arab Rep.
SY,1998,20938.0,Syrian Arab Rep.
SY,1999,8440.0,Syrian Arab Rep.
SY,2000,5903.0,Syrian Arab Rep.
SY,2001,4140.0,Syrian Arab Rep.
SY,2002,3860.0,Syrian Arab Rep.
SY,2003,9723.0,Syrian Arab Rep.
SY,2004,316238.0,Syrian Arab Rep.
SY,2005,327701.0,Syrian Arab Rep.
SY,2006,1006532.0,Syrian Arab Rep.
SY,2007,1852608.0,Syrian Arab Rep.
SY,2008,1410221.0,Syrian Arab Rep.
SY,2009,1374337.0,Syrian Arab Rep.
SY,2010,1307611.0,Syrian Arab Rep.
SY,2011,1016252.0,Syrian Arab Rep.
SY,2012,2772900.0,Syrian Arab Rep.
SY,2013,6878117.0,Syrian Arab Rep.
SY,2014,7789240.0,Syrian Arab Rep.
SY,2015,6593685.0,Syrian Arab Rep.
SY,2016,6971305.0,Syrian Arab Rep.
SZ,1985,10400.0,Swaziland
SZ,1986,11800.0,Swaziland
SZ,1987,14500.0,Swaziland
SZ,1988,29404.0,Swaziland
SZ,1989,34869.0,Swaziland
SZ,1990,42036.0,Swaziland
SZ,1991,50103.0,Swaziland
SZ,1992,55485.0,Swaziland
SZ,1993,54139.0,Swaziland
SZ,1994,12110.0,Swaziland
SZ,1995,569.0,Swaziland
SZ,1996,599.0,Swaziland
SZ,1997,452.0,Swaziland
SZ,1998,449.0,Swaziland
SZ,1999,450.0,Swaziland
SZ,2000,522.0,Swaziland
SZ,2001,798.0,Swaziland
SZ,2002,786.0,Swaziland
SZ,2003,801.0,Swaziland
SZ,2004,798.0,Swaziland
SZ,2005,801.0,Swaziland
SZ,2006,796.0,Swaziland
SZ,2007,823.0,Swaziland
SZ,2008,951.0,Swaziland
SZ,2009,1050.0,Swaziland
SZ,2010,577.0,Swaziland
SZ,2011,578.0,Swaziland
SZ,2012,476.0,Swaziland
SZ,2013,553.0,Swaziland
SZ,2014,430.0,Swaziland
SZ,2015,545.0,Swaziland
SZ,2016,619.0,Swaziland
TC,2012,22.0,Turks and Caicos Islands
TC,2013,10.0,Turks and Caicos Islands
TC,2014,8.0,Turks and Caicos Islands
TC,2015,4.0,Turks and Caicos Islands
TD,1992,70.0,Chad
TD,1993,68.0,Chad
TD,1994,100.0,Chad
TD,1995,3.0,Chad
TD,1997,242.0,Chad
TD,1998,8753.0,Chad
TD,1999,23365.0,Chad
TD,2000,17838.0,Chad
TD,2001,18065.0,Chad
TD,2002,33684.0,Chad
TD,2003,144367.0,Chad
TD,2004,254607.0,Chad
TD,2005,270105.0,Chad
TD,2006,402643.0,Chad
TD,2007,467679.0,Chad
TD,2008,551585.0,Chad
TD,2009,525507.0,Chad
TD,2010,532761.0,Chad
TD,2011,534704.0,Chad
TD,2012,518142.0,Chad
TD,2013,471076.0,Chad
TD,2014,517328.0,Chad
TD,2015,523338.0,Chad
TD,2016,603799.0,Chad
TG,1985,2500.0,Togo
TG,1986,2150.0,Togo
TG,1987,3390.0,Togo
TG,1988,3338.0,Togo
TG,1989,3314.0,Togo
TG,1990,3397.0,Togo
TG,1991,3336.0,Togo
TG,1992,3265.0,Togo
TG,1993,3270.0,Togo
TG,1994,12370.0,Togo
TG,1995,10873.0,Togo
TG,1996,12585.0,Togo
TG,1997,12613.0,Togo
TG,1998,12774.0,Togo
TG,1999,11980.0,Togo
TG,2000,12129.0,Togo
TG,2001,12153.0,Togo
TG,2002,12211.0,Togo
TG,2003,12480.0,Togo
TG,2004,11359.0,Togo
TG,2005,18415.0,Togo
TG,2006,9458.0,Togo
TG,2007,1137.0,Togo
TG,2008,9563.0,Togo
TG,2009,8513.0,Togo
TG,2010,14020.0,Togo
TG,2011,19497.0,Togo
TG,2012,24187.0,Togo
TG,2013,21495.0,Togo
TG,2014,22356.0,Togo
TG,2015,22571.0,Togo
TG,2016,13074.0,Togo
TH,1985,31760.0,Thailand
TH,1986,26950.0,Thailand
TH,1987,22970.0,Thailand
TH,1988,17178.0,Thailand
TH,1989,17230.0,Thailand
TH,1990,15097.0,Thailand
TH,1991,15045.0,Thailand
TH,1992,14838.0,Thailand
TH,1993,5637.0,Thailand
TH,1994,366.0,Thailand
TH,1995,354.0,Thailand
TH,1996,309.0,Thailand
TH,1997,65926.0,Thailand
TH,1998,43538.0,Thailand
TH,1999,36414.0,Thailand
TH,2000,393.0,Thailand
TH,2001,344.0,Thailand
TH,2002,386.0,Thailand
TH,2003,729.0,Thailand
TH,2004,663.0,Thailand
TH,2005,813.0,Thailand
TH,2006,791.0,Thailand
TH,2007,1117.0,Thailand
TH,2008,3501256.0,Thailand
TH,2009,3501845.0,Thailand
TH,2010,544290.0,Thailand
TH,2011,507762.0,Thailand
TH,2012,507892.0,Thailand
TH,2013,509025.0,Thailand
TH,2014,7106.0,Thailand
TH,2015,7480.0,Thailand
TH,2016,6477.0,Thailand
TJ,1992,3000.0,Tajikistan
TJ,1993,520300.0,Tajikistan
TJ,1994,16695.0,Tajikistan
TJ,1995,17370.0,Tajikistan
TJ,1996,26456.0,Tajikistan
TJ,1997,2171.0,Tajikistan
TJ,1998,14415.0,Tajikistan
TJ,1999,4536.0,Tajikistan
TJ,2000,15592.0,Tajikistan
TJ,2001,15720.0,Tajikistan
TJ,2002,15610.0,Tajikistan
TJ,2003,3886.0,Tajikistan
TJ,2004,1885.0,Tajikistan
TJ,2005,1056.0,Tajikistan
TJ,2006,1396.0,Tajikistan
TJ,2007,1550.0,Tajikistan
TJ,2008,2102.0,Tajikistan
TJ,2009,6836.0,Tajikistan
TJ,2010,7123.0,Tajikistan
TJ,2011,7701.0,Tajikistan
TJ,2012,6689.0,Tajikistan
TJ,2013,5718.0,Tajikistan
TJ,2014,2274.0,Tajikistan
TJ,2015,2407.0,Tajikistan
TJ,2016,3269.0,Tajikistan
TL,2000,5000.0,Timor-Leste
TL,2001,6.0,Timor-Leste
TL,2002,5.0,Timor-Leste
TL,2003,464.0,Timor-Leste
TL,2004,9.0,Timor-Leste
TL,2005,9.0,Timor-Leste
TL,2006,166960.0,Timor-Leste
TL,2007,72593.0,Timor-Leste
TL,2008,15875.0,Timor-Leste
TL,2009,9.0,Timor-Leste
TL,2010,4.0,Timor-Leste
TL,2011,2.0,Timor-Leste
TL,2012,1.0,Timor-Leste
TL,2013,2.0,Timor-Leste
TL,2014,2.0,Timor-Leste
TL,2015,1.0,Timor-Leste
TM,1993,15400.0,Turkmenistan
TM,1994,15400.0,Turkmenistan
TM,1995,23305.0,Turkmenistan
TM,1996,22658.0,Turkmenistan
TM,1997,17769.0,Turkmenistan
TM,1998,17114.0,Turkmenistan
TM,1999,20800.0,Turkmenistan
TM,2000,15102.0,Turkmenistan
TM,2001,14856.0,Turkmenistan
TM,2002,14093.0,Turkmenistan
TM,2003,13677.0,Turkmenistan
TM,2004,13504.0,Turkmenistan
TM,2005,12010.0,Turkmenistan
TM,2006,760.0,Turkmenistan
TM,2007,8644.0,Turkmenistan
TM,2008,8587.0,Turkmenistan
TM,2009,12066.0,Turkmenistan
TM,2010,20062.0,Turkmenistan
TM,2011,11062.0,Turkmenistan
TM,2012,8993.0,Turkmenistan
TM,2013,8365.0,Turkmenistan
TM,2014,66.0,Turkmenistan
TM,2015,33.0,Turkmenistan
TM,2016,26.0,Turkmenistan
TN,1994,15.0,Tunisia
TN,1995,144.0,Tunisia
TN,1996,174.0,Tunisia
TN,1997,193.0,Tunisia
TN,1998,224.0,Tunisia
TN,1999,151.0,Tunisia
TN,2000,144.0,Tunisia
TN,2001,90.0,Tunisia
TN,2002,88.0,Tunisia
TN,2003,80.0,Tunisia
TN,2004,79.0,Tunisia
TN,2005,89.0,Tunisia
TN,2006,141.0,Tunisia
TN,2007,134.0,Tunisia
TN,2008,125.0,Tunisia
TN,2009,101.0,Tunisia
TN,2010,89.0,Tunisia
TN,2011,153552.0,Tunisia
TN,2012,2775.0,Tunisia
TN,2013,1037.0,Tunisia
TN,2014,1087.0,Tunisia
TN,2015,714.0,Tunisia
TN,2016,627.0,Tunisia
TO,2010,1.0,Tonga
TO,2011,1.0,Tonga
TR,1985,190.0,Turkey
TR,1987,190.0,Turkey
TR,1988,1850.0,Turkey
TR,1989,2120.0,Turkey
TR,1990,1580.0,Turkey
TR,1991,28049.0,Turkey
TR,1992,43800.0,Turkey
TR,1993,21717.0,Turkey
TR,1994,23937.0,Turkey
TR,1995,10731.0,Turkey
TR,1996,8101.0,Turkey
TR,1997,2462.0,Turkey
TR,1998,3039.0,Turkey
TR,1999,1427.0,Turkey
TR,2000,3572.0,Turkey
TR,2001,2762.0,Turkey
TR,2002,2103.0,Turkey
TR,2003,2010.0,Turkey
TR,2004,3129.0,Turkey
TR,2005,4957.0,Turkey
TR,2006,4855.0,Turkey
TR,2007,8144.0,Turkey
TR,2008,17058.0,Turkey
TR,2009,15228.0,Turkey
TR,2010,12958.0,Turkey
TR,2011,30013.0,Turkey
TR,2012,353424.0,Turkey
TR,2013,793448.0,Turkey
TR,2014,1677376.0,Turkey
TR,2015,2727374.0,Turkey
TR,2016,3081378.0,Turkey
TT,2007,125.0,Trinidad and Tobago
TT,2008,128.0,Trinidad and Tobago
TT,2009,229.0,Trinidad and Tobago
TT,2010,127.0,Trinidad and Tobago
TT,2011,41.0,Trinidad and Tobago
TT,2012,23.0,Trinidad and Tobago
TT,2013,61.0,Trinidad and Tobago
TT,2014,170.0,Trinidad and Tobago
TT,2015,201.0,Trinidad and Tobago
TT,2016,290.0,Trinidad and Tobago
TZ,1985,199440.0,United Rep. of Tanzania
TZ,1986,206330.0,United Rep. of Tanzania
TZ,1987,248740.0,United Rep. of Tanzania
TZ,1988,248953.0,United Rep. of Tanzania
TZ,1989,248989.0,United Rep. of Tanzania
TZ,1990,248985.0,United Rep. of Tanzania
TZ,1991,277883.0,United Rep. of Tanzania
TZ,1992,283304.0,United Rep. of Tanzania
TZ,1993,579907.0,United Rep. of Tanzania
TZ,1994,1362229.0,United Rep. of Tanzania
TZ,1995,827856.0,United Rep. of Tanzania
TZ,1996,953516.0,United Rep. of Tanzania
TZ,1997,582406.0,United Rep. of Tanzania
TZ,1998,500049.0,United Rep. of Tanzania
TZ,1999,534745.0,United Rep. of Tanzania
TZ,2000,598954.0,United Rep. of Tanzania
TZ,2001,581281.0,United Rep. of Tanzania
TZ,2002,621953.0,United Rep. of Tanzania
TZ,2003,582376.0,United Rep. of Tanzania
TZ,2004,535978.0,United Rep. of Tanzania
TZ,2005,458945.0,United Rep. of Tanzania
TZ,2006,397841.0,United Rep. of Tanzania
TZ,2007,378114.0,United Rep. of Tanzania
TZ,2008,337585.0,United Rep. of Tanzania
TZ,2009,239496.0,United Rep. of Tanzania
TZ,2010,212157.0,United Rep. of Tanzania
TZ,2011,231993.0,United Rep. of Tanzania
TZ,2012,234969.0,United Rep. of Tanzania
TZ,2013,200129.0,United Rep. of Tanzania
TZ,2014,196904.0,United Rep. of Tanzania
TZ,2015,318848.0,United Rep. of Tanzania
TZ,2016,397425.0,United Rep. of Tanzania
UA,1994,5047.0,Ukraine
UA,1995,4.0,Ukraine
UA,1996,3372.0,Ukraine
UA,1997,4196.0,Ukraine
UA,1998,5700.0,Ukraine
UA,1999,2517.0,Ukraine
UA,2000,5835.0,Ukraine
UA,2001,5779.0,Ukraine
UA,2002,5836.0,Ukraine
UA,2003,6479.0,Ukraine
UA,2004,84452.0,Ukraine
UA,2005,76545.0,Ukraine
UA,2006,73154.0,Ukraine
UA,2007,67025.0,Ukraine
UA,2008,64598.0,Ukraine
UA,2009,65545.0,Ukraine
UA,2010,45899.0,Ukraine
UA,2011,46091.0,Ukraine
UA,2012,42281.0,Ukraine
UA,2013,41041.0,Ukraine
UA,2014,831422.0,Ukraine
UA,2015,1609050.0,Ukraine
UA,2016,1809029.0,Ukraine
UG,1985,118000.0,Uganda
UG,1986,112360.0,Uganda
UG,1987,86980.0,Uganda
UG,1988,101588.0,Uganda
UG,1989,128532.0,Uganda
UG,1990,144116.0,Uganda
UG,1991,161352.0,Uganda
UG,1992,179946.0,Uganda
UG,1993,279300.0,Uganda
UG,1994,489300.0,Uganda
UG,1995,316794.0,Uganda
UG,1996,235929.0,Uganda
UG,1997,246396.0,Uganda
UG,1998,203566.0,Uganda
UG,1999,211429.0,Uganda
UG,2000,229070.0,Uganda
UG,2001,192556.0,Uganda
UG,2002,208855.0,Uganda
UG,2003,219952.0,Uganda
UG,2004,239615.0,Uganda
UG,2005,239793.0,Uganda
UG,2006,2141133.0,Uganda
UG,2007,2084517.0,Uganda
UG,2008,1600882.0,Uganda
UG,2009,952884.0,Uganda
UG,2010,501111.0,Uganda
UG,2011,200957.0,Uganda
UG,2012,82499.0,Uganda
UG,2013,106009.0,Uganda
UG,2014,255362.0,Uganda
UG,2015,279627.0,Uganda
UG,2016,300671.0,Uganda
US,1988,168975.0,United States of America
US,1989,195737.0,United States of America
US,1990,232589.0,United States of America
US,1991,265406.0,United States of America
US,1992,323903.0,United States of America
US,1993,354051.0,United States of America
US,1994,365188.0,United States of America
US,1995,335952.0,United States of America
US,1996,322343.0,United States of America
US,1997,386425.0,United States of America
US,1998,394032.0,United States of America
US,1999,282549.0,United States of America
US,2000,708339.0,United States of America
US,2001,765073.0,United States of America
US,2002,765555.0,United States of America
US,2003,683982.0,United States of America
US,2004,575446.0,United States of America
US,2005,487444.0,United States of America
US,2006,826405.0,United States of America
US,2007,338249.0,United States of America
US,2008,323554.0,United States of America
US,2009,318065.0,United States of America
US,2010,252629.0,United States of America
US,2011,262091.0,United States of America
US,2012,266562.0,United States of America
US,2013,331642.0,United States of America
US,2014,434325.0,United States of America
US,2015,536622.0,United States of America
US,2016,688052.0,United States of America
UY,1993,161.0,Uruguay
UY,1994,144.0,Uruguay
UY,1995,140.0,Uruguay
UY,1996,147.0,Uruguay
UY,1997,129.0,Uruguay
UY,1998,157.0,Uruguay
UY,1999,81.0,Uruguay
UY,2000,86.0,Uruguay
UY,2001,85.0,Uruguay
UY,2002,98.0,Uruguay
UY,2003,85.0,Uruguay
UY,2004,93.0,Uruguay
UY,2005,114.0,Uruguay
UY,2006,135.0,Uruguay
UY,2007,161.0,Uruguay
UY,2008,163.0,Uruguay
UY,2009,194.0,Uruguay
UY,2010,205.0,Uruguay
UY,2011,221.0,Uruguay
UY,2012,218.0,Uruguay
UY,2013,242.0,Uruguay
UY,2014,324.0,Uruguay
UY,2015,375.0,Uruguay
UY,2016,611.0,Uruguay
UZ,1993,8000.0,Uzbekistan
UZ,1994,8000.0,Uzbekistan
UZ,1995,2684.0,Uzbekistan
UZ,1996,2954.0,Uzbekistan
UZ,1997,3153.0,Uzbekistan
UZ,1998,1083.0,Uzbekistan
UZ,1999,1015.0,Uzbekistan
UZ,2000,39598.0,Uzbekistan
UZ,2001,40911.0,Uzbekistan
UZ,2002,46093.0,Uzbekistan
UZ,2003,45762.0,Uzbekistan
UZ,2004,44993.0,Uzbekistan
UZ,2005,44527.0,Uzbekistan
UZ,2006,1422.0,Uzbekistan
UZ,2007,1059.0,Uzbekistan
UZ,2008,841.0,Uzbekistan
UZ,2009,555.0,Uzbekistan
UZ,2010,313.0,Uzbekistan
UZ,2011,214.0,Uzbekistan
UZ,2012,176.0,Uzbekistan
UZ,2013,141.0,Uzbekistan
UZ,2014,125.0,Uzbekistan
UZ,2015,107.0,Uzbekistan
UZ,2016,26.0,Uzbekistan
VC,2009,1.0,Saint Vincent and the Grenadines
VC,2011,1.0,Saint Vincent and the Grenadines
VE,1985,1940.0,Venezuela (Bolivarian Republic of)
VE,1986,460.0,Venezuela (Bolivarian Republic of)
VE,1987,530.0,Venezuela (Bolivarian Republic of)
VE,1990,2180.0,Venezuela (Bolivarian Republic of)
VE,1991,1730.0,Venezuela (Bolivarian Republic of)
VE,1992,2100.0,Venezuela (Bolivarian Republic of)
VE,1993,2592.0,Venezuela (Bolivarian Republic of)
VE,1994,2367.0,Venezuela (Bolivarian Republic of)
VE,1995,1621.0,Venezuela (Bolivarian Republic of)
VE,1996,1597.0,Venezuela (Bolivarian Republic of)
VE,1997,293.0,Venezuela (Bolivarian Republic of)
VE,1998,168.0,Venezuela (Bolivarian Republic of)
VE,1999,188.0,Venezuela (Bolivarian Republic of)
VE,2000,205.0,Venezuela (Bolivarian Republic of)
VE,2001,364.0,Venezuela (Bolivarian Republic of)
VE,2002,51071.0,Venezuela (Bolivarian Republic of)
VE,2003,28535.0,Venezuela (Bolivarian Republic of)
VE,2004,30498.0,Venezuela (Bolivarian Republic of)
VE,2005,206312.0,Venezuela (Bolivarian Republic of)
VE,2006,208456.0,Venezuela (Bolivarian Republic of)
VE,2007,210491.0,Venezuela (Bolivarian Republic of)
VE,2008,213072.0,Venezuela (Bolivarian Republic of)
VE,2009,215676.0,Venezuela (Bolivarian Republic of)
VE,2010,217370.0,Venezuela (Bolivarian Republic of)
VE,2011,219354.0,Venezuela (Bolivarian Republic of)
VE,2012,204527.0,Venezuela (Bolivarian Republic of)
VE,2013,205380.0,Venezuela (Bolivarian Republic of)
VE,2014,173989.0,Venezuela (Bolivarian Republic of)
VE,2015,175715.0,Venezuela (Bolivarian Republic of)
VE,2016,173064.0,Venezuela (Bolivarian Republic of)
VG,2009,6.0,British Virgin Islands
VG,2010,2.0,British Virgin Islands
VG,2011,2.0,British Virgin Islands
VG,2012,2.0,British Virgin Islands
VG,2013,3.0,British Virgin Islands
VU,2007,1.0,Vanuatu
VU,2008,5.0,Vanuatu
VU,2009,4.0,Vanuatu
VU,2010,4.0,Vanuatu
VU,2011,1.0,Vanuatu
VU,2012,1.0,Vanuatu
VU,2013,2.0,Vanuatu
VU,2014,1.0,Vanuatu
VU,2015,1.0,Vanuatu
WS,2015,3.0,Samoa
YE,1985,5200.0,Yemen
YE,1986,105000.0,Yemen
YE,1987,73000.0,Yemen
YE,1988,78090.0,Yemen
YE,1989,80080.0,Yemen
YE,1990,2888.0,Yemen
YE,1991,30037.0,Yemen
YE,1992,59940.0,Yemen
YE,1993,54450.0,Yemen
YE,1994,48368.0,Yemen
YE,1995,55951.0,Yemen
YE,1996,47790.0,Yemen
YE,1997,95557.0,Yemen
YE,1998,86858.0,Yemen
YE,1999,67240.0,Yemen
YE,2000,62218.0,Yemen
YE,2001,71967.0,Yemen
YE,2002,84489.0,Yemen
YE,2003,61886.0,Yemen
YE,2004,67045.0,Yemen
YE,2005,82154.0,Yemen
YE,2006,96590.0,Yemen
YE,2007,194800.0,Yemen
YE,2008,240546.0,Yemen
YE,2009,421716.0,Yemen
YE,2010,507643.0,Yemen
YE,2011,574128.0,Yemen
YE,2012,736051.0,Yemen
YE,2013,651473.0,Yemen
YE,2014,687653.0,Yemen
YE,2015,2835143.0,Yemen
YE,2016,3279445.0,Yemen
ZA,1993,250000.0,South Africa
ZA,1994,111873.0,South Africa
ZA,1995,115679.0,South Africa
ZA,1996,13468.0,South Africa
ZA,1997,6649.0,South Africa
ZA,1998,7520.0,South Africa
ZA,1999,9626.0,South Africa
ZA,2000,22920.0,South Africa
ZA,2001,21645.0,South Africa
ZA,2002,53567.0,South Africa
ZA,2003,80912.0,South Africa
ZA,2004,107817.0,South Africa
ZA,2005,130956.0,South Africa
ZA,2006,18355.0,South Africa
ZA,2007,95579.0,South Africa
ZA,2008,95541.0,South Africa
ZA,2009,22522.0,South Africa
ZA,2010,31008.0,South Africa
ZA,2011,88687.0,South Africa
ZA,2012,115485.0,South Africa
ZA,2013,120589.0,South Africa
ZA,2014,168905.0,South Africa
ZA,2015,220387.0,South Africa
ZA,2016,128761.0,South Africa
ZM,1985,94390.0,Zambia
ZM,1986,129010.0,Zambia
ZM,1987,138110.0,Zambia
ZM,1988,132978.0,Zambia
ZM,1989,128870.0,Zambia
ZM,1990,128669.0,Zambia
ZM,1991,130696.0,Zambia
ZM,1992,132944.0,Zambia
ZM,1993,132509.0,Zambia
ZM,1994,124491.0,Zambia
ZM,1995,116452.0,Zambia
ZM,1996,113463.0,Zambia
ZM,1997,176533.0,Zambia
ZM,1998,161094.0,Zambia
ZM,1999,169564.0,Zambia
ZM,2000,205769.0,Zambia
ZM,2001,227085.0,Zambia
ZM,2002,247959.0,Zambia
ZM,2003,211505.0,Zambia
ZM,2004,144750.0,Zambia
ZM,2005,114802.0,Zambia
ZM,2006,71931.0,Zambia
ZM,2007,50470.0,Zambia
ZM,2008,36522.0,Zambia
ZM,2009,37127.0,Zambia
ZM,2010,36116.0,Zambia
ZM,2011,36211.0,Zambia
ZM,2012,36065.0,Zambia
ZM,2013,35679.0,Zambia
ZM,2014,31473.0,Zambia
ZM,2015,31972.0,Zambia
ZM,2016,33877.0,Zambia
ZW,1985,62750.0,Zimbabwe
ZW,1986,65180.0,Zimbabwe
ZW,1987,135460.0,Zimbabwe
ZW,1988,175333.0,Zimbabwe
ZW,1989,176120.0,Zimbabwe
ZW,1990,190950.0,Zimbabwe
ZW,1991,197460.0,Zimbabwe
ZW,1992,237703.0,Zimbabwe
ZW,1993,109767.0,Zimbabwe
ZW,1994,104945.0,Zimbabwe
ZW,1995,26097.0,Zimbabwe
ZW,1996,555.0,Zimbabwe
ZW,1997,664.0,Zimbabwe
ZW,1998,1356.0,Zimbabwe
ZW,1999,1558.0,Zimbabwe
ZW,2000,2259.0,Zimbabwe
ZW,2001,5076.0,Zimbabwe
ZW,2002,5212.0,Zimbabwe
ZW,2003,6808.0,Zimbabwe
ZW,2004,3173.0,Zimbabwe
ZW,2005,5969.0,Zimbabwe
ZW,2006,1088.0,Zimbabwe
ZW,2007,1468.0,Zimbabwe
ZW,2008,1346.0,Zimbabwe
ZW,2009,1470.0,Zimbabwe
ZW,2010,1452.0,Zimbabwe
ZW,2011,55806.0,Zimbabwe
ZW,2012,59376.0,Zimbabwe
ZW,2013,61922.0,Zimbabwe
ZW,2014,1704.0,Zimbabwe
ZW,2015,2166.0,Zimbabwe
ZW,2016,2500.0,Zimbabwe
